14/11/52,HERE IN MY HEART,9
16/01/53,YOU BELONG TO ME,1
23/01/53,COMES A-LONG A-LOVE,1
30/01/53,OUTSIDE OF HEAVEN,1
06/02/53,DON'T LET THE STARS GET IN YOUR EYES,5
13/03/53,SHE WEARS RED FEATHERS,4
10/04/53,BROKEN WINGS,1
17/04/53,(HOW MUCH IS) THAT DOGGIE IN THE WINDOW,1
24/04/53,I BELIEVE,9
26/06/53,I'M WALKING BEHIND YOU,1
03/07/53,I BELIEVE,6
14/08/53,THE SONG FROM MOULIN ROUGE,1
21/08/53,I BELIEVE,3
11/09/53,LOOK AT THAT GIRL,6
23/10/53,HEY JOE,2
06/11/53,ANSWER ME,1
13/11/53,ANSWER ME,8
11/12/53,ANSWER ME,1
08/01/54,OH MEIN PAPA,9
12/03/54,I SEE THE MOON,5
16/04/54,SECRET LOVE,1
23/04/54,I SEE THE MOON,1
30/04/54,SUCH A NIGHT,1
08/05/54,SECRET LOVE,8
02/07/54,CARA MIA,10
10/09/54,LITTLE THINGS MEAN A LOT,1
17/09/54,THREE COINS IN THE FOUNTAIN,3
08/10/54,HOLD MY HAND,4
05/11/54,MY SON MY SON,2
19/11/54,HOLD MY HAND,1
26/11/54,THIS OLE HOUSE,1
03/12/54,LET'S HAVE ANOTHER PARTY,5
07/01/55,FINGER OF SUSPICION,1
14/01/55,MAMBO ITALIANO,1
21/01/55,FINGER OF SUSPICION,2
04/02/55,MAMBO ITALIANO,2
18/02/55,"SOFTLY, SOFTLY",3
11/03/55,GIVE ME YOUR WORD,7
29/04/55,CHERRY PINK AND APPLE BLOSSOM WHITE,2
13/05/55,STRANGER IN PARADISE,2
27/05/55,CHERRY PINK AND APPLE BLOSSOM WHITE,4
24/06/55,UNCHAINED MELODY,3
15/07/55,DREAMBOAT,2
29/07/55,ROSE MARIE,11
14/10/55,THE MAN FROM LARAMIE,4
11/11/55,HERNANDO'S HIDEAWAY,2
25/11/55,ROCK AROUND THE CLOCK,3
16/12/55,CHRISTMAS ALPHABET,3
06/01/56,ROCK AROUND THE CLOCK,3
20/01/56,SIXTEEN TONS,2
17/02/56,MEMORIES ARE MADE OF THIS,4
16/03/56,IT'S ALMOST TOMORROW,2
30/03/56,ROCK AND ROLL WALTZ,2
06/04/56,IT'S ALMOST TOMORROW,1
13/04/56,POOR PEOPLE OF PARIS,3
04/05/56,NO OTHER LOVE,6
15/06/56,I'LL BE HOME,5
20/07/56,WHY DO FOOLS FALL IN LOVE,3
10/08/56,WHATEVER WILL BE WILL BE,6
21/09/56,LAY DOWN YOUR ARMS,4
19/10/56,A WOMAN IN LOVE,4
16/11/56,JUST WALKIN' IN THE RAIN,7
04/01/57,SINGING THE BLUES,1
11/01/57,SINGING THE BLUES,1
18/01/57,SINGING THE BLUES,1
25/01/57,THE GARDEN OF EDEN,4
01/02/57,SINGING THE BLUES,1
22/02/57,YOUNG LOVE,7
12/04/57,CUMBERLAND GAP,5
17/05/57,ROCK-A-BILLY,1
24/05/57,BUTTERFLY,2
07/06/57,YES TONIGHT JOSEPHINE,3
28/06/57,GAMBLIN' MAN/PUTTING ON THE STYLE,2
12/07/57,ALL SHOOK UP,7
30/08/57,DIANA,9
01/11/57,THAT'LL BE THE DAY,3
22/11/57,MARY'S BOY CHILD,7
10/01/58,GREAT BALLS OF FIRE,2
24/01/58,JAILHOUSE ROCK,3
14/02/58,THE STORY OF MY LIFE,2
28/02/58,MAGIC MOMENTS,8
25/04/58,WHOLE LOTTA WOMAN,3
16/05/58,WHO'S SORRY NOW,6
27/06/58,ON THE STREET WHERE YOU LIVE,2
04/07/58,ALL I HAVE TO DO IS DREAM/CLAUDETTE,7
22/08/58,WHEN,5
26/09/58,CAROLINA MOON/STUPID CUPID,6
07/11/58,IT'S ALL IN THE GAME,3
28/11/58,HOOTS MON,3
19/12/58,IT'S ONLY MAKE BELIEVE,5
23/01/59,THE DAYS THE RAINS CAME,1
30/01/59,ONE NIGHT/I GOT STUNG,3
20/02/59,AS I LOVE YOU,4
20/03/59,SMOKE GETS IN YOUR EYES,1
27/03/59,SIDE SADDLE,4
24/04/59,IT DOESN'T MATTER ANYMORE,3
15/05/59,A FOOL SUCH AS I/I NEED YOUR LOVE TONIGHT,5
19/06/59,ROULETTE,2
03/07/59,DREAM LOVER,4
31/07/59,LIVING DOLL,6
11/09/59,ONLY SIXTEEN,4
09/10/59,HERE COMES SUMMER,1
16/10/59,MACK THE KNIFE,2
30/10/59,TRAVELLIN' LIGHT,5
04/12/59,WHAT DO YOU WANT,3
18/12/59,WHAT DO YOU WANT TO MAKE THOSE EYES AT ME FOR,6
29/01/60,STARRY EYED,1
05/02/60,WHY,4
10/03/60,POOR ME,1
17/03/60,RUNNING BEAR,2
31/03/60,MY OLD MAN'S A DUSTMAN,4
28/04/60,DO YOU MIND,1
05/05/60,CATHY'S CLOWN,7
23/06/60,THREE STEPS TO HEAVEN,2
07/07/60,GOOD TIMIN',3
28/07/60,PLEASE DON'T TEASE,1
04/08/60,SHAKIN' ALL OVER,1
11/08/60,PLEASE DON'T TEASE,2
25/08/60,APACHE,5
29/09/60,TELL LAURA I LOVE HER,3
20/10/60,ONLY THE LONELY,2
03/11/60,IT'S NOW OR NEVER,8
29/12/60,I LOVE YOU,2
12/01/61,POETRY IN MOTION,2
26/01/61,ARE YOU LONESOME TONIGHT,4
23/02/61,SAILOR,1
02/03/61,WALK RIGHT BACK/EBONY EYES,3
23/03/61,WOODEN HEART,6
04/05/61,BLUE MOON,2
18/05/61,ON THE REBOUND,1
25/05/61,YOU'RE DRIVING ME CRAZY,1
01/06/61,SURRENDER,4
29/06/61,RUNAWAY,3
20/07/61,TEMPTATION,2
03/08/61,WELL I ASK YOU,1
10/08/61,YOU DON'T KNOW,3
31/08/61,JOHNNY REMEMBER ME,3
21/09/61,REACH FOR THE STARS/CLIMB EV'RY MOUNTAIN,1
28/09/61,JOHNNY REMEMBER ME,1
05/10/61,KON-TIKI,1
12/10/61,MICHAEL,1
19/10/61,WALKIN' BACK TO HAPPINESS,3
09/11/61,(MARIE'S THE NAME) HIS LATEST FLAME/LITTLE SISTER,4
07/12/61,TOWER OF STRENGTH,3
28/12/61,MOON RIVER,2
11/01/62,THE YOUNG ONES,6
22/02/62,ROCK A HULA BABY/CAN'T HELP FALLING IN LOVE,4
22/03/62,WONDERFUL LAND,8
17/05/62,NUT ROCKER,1
24/05/62,GOOD LUCK CHARM,5
28/06/62,COME OUTSIDE,2
12/07/62,I CAN'T STOP LOVING YOU,2
26/07/62,I REMEMBER YOU,7
13/09/62,SHE'S NOT YOU,3
04/10/62,TELSTAR,5
08/11/62,LOVESICK BLUES,5
13/12/62,RETURN TO SENDER,3
03/01/63,THE NEXT TIME/BACHELOR BOY,3
24/01/63,DANCE ON!,1
31/01/63,DIAMONDS,3
21/02/63,THE WAYWARD WIND,3
14/03/63,SUMMER HOLIDAY,2
29/03/63,FOOT TAPPER,1
04/04/63,SUMMER HOLIDAY,1
11/04/63,HOW DO YOU DO IT?,3
02/05/63,FROM ME TO YOU,7
20/06/63,I LIKE IT,4
18/07/63,CONFESSIN' (THAT I LOVE YOU),2
01/08/63,(YOU'RE THE) DEVIL IN DISGUISE,1
08/08/63,SWEETS FOR MY SWEET,2
22/08/63,BAD TO ME,3
12/09/63,SHE LOVES YOU,4
10/10/63,DO YOU LOVE ME,3
31/10/63,YOU'LL NEVER WALK ALONE,4
28/11/63,SHE LOVES YOU,2
12/12/63,I WANT TO HOLD YOUR HAND,5
16/01/64,GLAD ALL OVER,2
30/01/64,NEEDLES AND PINS,3
20/02/64,DIANE,1
27/02/64,ANYONE WHO HAD A HEART,3
19/03/64,LITTLE CHILDREN,2
02/04/64,CAN'T BUY ME LOVE,3
23/04/64,A WORLD WITHOUT LOVE,2
07/05/64,DON'T THROW YOUR LOVE AWAY,2
21/05/64,JULIET,1
28/05/64,YOU'RE MY WORLD,4
25/06/64,IT'S OVER,2
09/07/64,THE HOUSE OF THE RISING SUN,1
16/07/64,IT'S ALL OVER NOW,1
23/07/64,A HARD DAY'S NIGHT,3
13/08/64,DO WAH DIDDY DIDDY,2
27/08/64,HAVE I THE RIGHT,2
10/09/64,YOU REALLY GOT ME,2
24/09/64,I'M INTO SOMETHING GOOD,2
08/10/64,OH PRETTY WOMAN,2
22/10/64,(THERE'S) ALWAYS SOMETHING THERE TO REMIND ME,3
12/11/64,OH PRETTY WOMAN,1
19/11/64,BABY LOVE,2
03/12/64,LITTLE RED ROOSTER,1
10/12/64,I FEEL FINE,5
14/01/65,YEH YEH,2
28/01/65,GO NOW,1
04/02/65,YOU'VE LOST THAT LOVING FEELIN',2
18/02/65,TIRED OF WAITING FOR YOU,1
25/02/65,I'LL NEVER FIND ANOTHER YOU,2
11/03/65,IT'S NOT UNUSUAL,1
18/03/65,THE LAST TIME,3
08/04/65,CONCRETE AND CLAY,1
15/04/65,THE MINUTE YOU'RE GONE,1
22/04/65,TICKET TO RIDE,3
13/05/65,KING OF THE ROAD,1
20/05/65,WHERE ARE YOU NOW (MY LOVE),1
27/05/65,LONG LIVE LOVE,3
17/06/65,CRYING IN THE CHAPEL,1
24/06/65,I'M ALIVE,1
01/07/65,CRYING IN THE CHAPEL,1
08/07/65,I'M ALIVE,2
22/07/65,MR TAMBOURINE MAN,2
05/08/65,HELP!,3
26/08/65,I GOT YOU BABE,2
09/09/65,(I CAN'T GET NO) SATISFACTION,2
23/09/65,MAKE IT EASY ON YOURSELF,1
30/09/65,TEARS,5
04/11/65,GET OFF OF MY CLOUD,3
25/11/65,THE CARNIVAL IS OVER,3
16/12/65,DAY TRIPPER/WE CAN WORK IT OUT,5
20/01/66,KEEP ON RUNNING,1
27/01/66,MICHELLE,3
17/02/66,THESE BOOTS ARE MADE FOR WALKIN',4
17/03/66,THE SUN AIN'T GONNA SHINE ANYMORE,4
14/04/66,SOMEBODY HELP ME,2
28/04/66,YOU DON'T HAVE TO SAY YOU LOVE ME,1
05/05/66,PRETTY FLAMINGO,3
26/05/66,"PAINT IT, BLACK",1
02/06/66,STRANGERS IN THE NIGHT,3
23/06/66,PAPERBACK WRITER,2
07/07/66,SUNNY AFTERNOON,2
21/07/66,GET AWAY,1
28/07/66,OUT OF TIME,1
04/08/66,WITH A GIRL LIKE YOU,2
18/08/66,YELLOW SUBMARINE/ELEANOR RIGBY,4
15/09/66,ALL OR NOTHING,1
22/09/66,DISTANT DRUMS,5
27/10/66,REACH OUT I'LL BE THERE,3
17/11/66,GOOD VIBRATIONS,2
01/12/66,GREEN GREEN GRASS OF HOME,7
19/01/67,I'M A BELIEVER,4
16/02/67,THIS IS MY SONG,2
02/03/67,RELEASE ME,6
13/04/67,SOMETHIN' STUPID,2
27/04/67,PUPPET ON A STRING,3
18/05/67,SILENCE IS GOLDEN,3
08/06/67,A WHITER SHADE OF PALE,6
19/07/67,ALL YOU NEED IS LOVE,3
09/08/67,SAN FRANCISCO (BE SURE TO WEAR SOME FLOWERS IN YOUR HAIR),4
06/09/67,THE LAST WALTZ,5
11/10/67,MASSACHUSETTS,4
08/11/67,BABY NOW THAT I'VE FOUND YOU,2
22/11/67,LET THE HEARTACHES BEGIN,2
06/12/67,HELLO GOODBYE,7
24/01/68,THE BALLAD OF BONNIE AND CLYDE,1
31/01/68,EVERLASTING LOVE,2
14/02/68,MIGHTY QUINN,2
28/02/68,CINDERELLA ROCKEFELLA,3
20/03/68,THE LEGEND OF XANADU,1
27/03/68,LADY MADONNA,2
10/04/68,CONGRATULATIONS,2
24/04/68,WHAT A WONDERFUL WORLD/CABARET,4
22/05/68,YOUNG GIRL,4
19/06/68,JUMPIN' JACK FLASH,2
03/07/68,BABY COME BACK,3
24/07/68,I PRETEND,1
31/07/68,MONY MONY,2
14/08/68,FIRE,1
21/08/68,MONY MONY,1
28/08/68,DO IT AGAIN,1
04/09/68,I'VE GOTTA GET A MESSAGE TO YOU,1
11/09/68,HEY JUDE,2
25/09/68,THOSE WERE THE DAYS,6
06/11/68,WITH A LITTLE HELP FROM MY FRIENDS,1
13/11/68,THE GOOD THE BAD AND THE UGLY,4
11/12/68,LILY THE PINK,3
01/01/69,OB-LA-DI OB-LA-DA,1
08/01/69,LILY THE PINK,1
15/01/69,OB-LA-DI OB-LA-DA,2
29/01/69,ALBATROSS,1
05/02/69,BLACKBERRY WAY,1
12/02/69,(IF PARADISE IS) HALF AS NICE,2
26/02/69,WHERE DO YOU GO TO MY LOVELY,4
26/03/69,I HEARD IT THROUGH THE GRAPEVINE,3
16/04/69,ISRAELITES,1
23/04/69,GET BACK,6
04/06/69,DIZZY,1
11/06/69,THE BALLAD OF JOHN AND YOKO,3
02/07/69,SOMETHING IN THE AIR,3
23/07/69,HONKY TONK WOMEN,5
30/08/69,IN THE YEAR 2525 (EXORIUM AND TERMINUS),3
20/09/69,BAD MOON RISING,3
11/10/69,JE T'AIME... MOI NON PLUS,1
18/10/69,I'LL NEVER FALL IN LOVE AGAIN,1
25/10/69,SUGAR SUGAR,8
20/12/69,TWO LITTLE BOYS,6
31/01/70,LOVE GROWS (WHERE MY ROSEMARY GOES),5
07/03/70,WANDRIN' STAR,3
28/03/70,BRIDGE OVER TROUBLED WATER,3
18/04/70,ALL KINDS OF EVERYTHING,2
02/05/70,SPIRIT IN THE SKY,2
16/05/70,BACK HOME,3
06/06/70,YELLOW RIVER,1
13/06/70,IN THE SUMMERTIME,7
01/08/70,THE WONDER OF YOU,6
12/09/70,TEARS OF A CLOWN,1
19/09/70,BAND OF GOLD,6
31/10/70,WOODSTOCK,3
21/11/70,VOODOO CHILE,1
28/11/70,I HEAR YOU KNOCKING,6
09/01/71,GRANDAD,3
30/01/71,MY SWEET LORD,5
06/03/71,BABY JUMP,2
20/03/71,HOT LOVE,6
01/05/71,DOUBLE BARREL,2
15/05/71,KNOCK THREE TIMES,5
19/06/71,CHIRPY CHIRPY CHEEP CHEEP,5
24/07/71,GET IT ON,4
21/08/71,I'M STILL WAITING,4
18/09/71,HEY GIRL DON'T BOTHER ME,3
09/10/71,REASON TO BELIEVE/MAGGIE MAY,5
13/11/71,COZ I LUV YOU,4
11/12/71,ERNIE (THE FASTEST MILKMAN IN THE WEST),4
08/01/72,I'D LIKE TO TEACH THE WORLD TO SING (IN PERFECT HARMONY),4
05/02/72,TELEGRAM SAM,2
19/02/72,SON OF MY FATHER,3
11/03/72,WITHOUT YOU,5
15/04/72,AMAZING GRACE,5
20/05/72,METAL GURU,4
17/06/72,VINCENT,2
01/07/72,TAKE ME BACK 'OME,1
08/07/72,PUPPY LOVE,5
12/08/72,SCHOOL'S OUT,3
02/09/72,YOU WEAR IT WELL,1
09/09/72,MAMA WEER ALL CRAZEE NOW,3
30/09/72,HOW CAN I BE SURE,2
14/10/72,MOULDY OLD DOUGH,4
11/11/72,CLAIR,2
25/11/72,MY DING-A-LING,4
23/12/72,LONG HAIRED LOVER FROM LIVERPOOL,5
27/01/73,BLOCKBUSTER,5
03/03/73,CUM ON FEEL THE NOIZE,4
31/03/73,THE TWELFTH OF NEVER,1
07/04/73,GET DOWN,2
21/04/73,TIE A YELLOW RIBBON ROUND THE OLD OAK TREE,4
19/05/73,SEE MY BABY JIVE,4
16/06/73,CAN THE CAN,1
23/06/73,RUBBER BULLETS,1
30/06/73,SKWEEZE ME PLEEZE ME,3
21/07/73,WELCOME HOME,1
28/07/73,I'M THE LEADER OF THE GANG (I AM),4
25/08/73,YOUNG LOVE,4
22/09/73,ANGEL FINGERS,1
29/09/73,EYE LEVEL,4
27/10/73,DAYDREAMER/THE PUPPY SONG,3
17/11/73,I LOVE YOU LOVE ME LOVE,4
15/12/73,MERRY XMAS EVERYBODY,5
19/01/74,YOU WON'T FIND ANOTHER FOOL LIKE ME,1
26/01/74,TIGER FEET,4
23/02/74,DEVIL GATE DRIVE,2
09/03/74,JEALOUS MIND,1
16/03/74,"BILLY, DON'T BE A HERO",3
06/04/74,SEASONS IN THE SUN,4
04/05/74,WATERLOO,2
18/05/74,SUGAR BABY LOVE,4
15/06/74,THE STREAK,1
22/06/74,ALWAYS YOURS,1
29/06/74,SHE,4
27/07/74,ROCK YOUR BABY,3
17/08/74,WHEN WILL I SEE YOU AGAIN,2
31/08/74,LOVE ME FOR A REASON,3
21/09/74,KUNG FU FIGHTING,3
12/10/74,ANNIE'S SONG,1
19/10/74,SAD SWEET DREAMER,1
26/10/74,EVERYTHING I OWN,3
16/11/74,GONNA MAKE YOU A STAR,3
07/12/74,YOU'RE THE FIRST THE LAST MY EVERYTHING,2
21/12/74,LONELY THIS CHRISTMAS,4
18/01/75,DOWN DOWN,1
25/01/75,MS GRACE,1
01/02/75,JANUARY,3
22/02/75,MAKE ME SMILE (COME UP AND SEE ME),2
08/03/75,IF,2
22/03/75,BYE BYE BABY,6
03/05/75,OH BOY,2
17/05/75,STAND BY YOUR MAN,3
07/06/75,WHISPERING GRASS,3
28/06/75,I'M NOT IN LOVE,2
12/07/75,TEARS ON MY PILLOW,1
19/07/75,GIVE A LITTLE LOVE,3
09/08/75,BARBADOS,1
16/08/75,CAN'T GIVE YOU ANYTHING (BUT MY LOVE),3
06/09/75,SAILING,4
04/10/75,HOLD ME CLOSE,3
25/10/75,I ONLY HAVE EYES FOR YOU,2
08/11/75,SPACE ODDITY,2
22/11/75,D.I.V.O.R.C.E.,1
29/11/75,BOHEMIAN RHAPSODY,9
31/01/76,MAMMA MIA,2
14/02/76,FOREVER AND EVER,1
21/02/76,DECEMBER '63 (OH WHAT A NIGHT),2
06/03/76,I LOVE TO LOVE (BUT MY BABY LOVES TO DANCE),3
27/03/76,SAVE YOUR KISSES FOR ME,6
08/05/76,FERNANDO,4
05/06/76,NO CHARGE,1
12/06/76,COMBINE HARVESTER (BRAND NEW KEY),2
26/06/76,YOU TO ME ARE EVERYTHING,3
17/07/76,THE ROUSSOS PHENOMENON EP,1
24/07/76,DON'T GO BREAKING MY HEART,6
04/09/76,DANCING QUEEN,6
16/10/76,MISSISSIPPI,4
13/11/76,IF YOU LEAVE ME NOW,3
04/12/76,UNDER THE MOON OF LOVE,3
25/12/76,WHEN A CHILD IS BORN (SOLEADO),3
15/01/77,DON'T GIVE UP ON US,4
12/02/77,DON'T CRY FOR ME ARGENTINA,1
19/02/77,WHEN I NEED YOU,3
12/03/77,CHANSON D'AMOUR,3
02/04/77,KNOWING ME KNOWING YOU,5
07/05/77,FREE,2
21/05/77,I DON'T WANT TO TALK ABOUT IT/FIRST CUT IS THE DEEPEST,4
18/06/77,LUCILLE,1
25/06/77,SHOW YOU THE WAY TO GO,1
02/07/77,SO YOU WIN AGAIN,3
23/07/77,I FEEL LOVE,4
20/08/77,ANGELO,1
27/08/77,FLOAT ON,1
03/09/77,WAY DOWN,5
08/10/77,SILVER LADY,3
29/10/77,YES SIR I CAN BOOGIE,1
05/11/77,THE NAME OF THE GAME,4
03/12/77,MULL OF KINTYRE/GIRLS' SCHOOL,9
04/02/78,UP TOWN TOP RANKING,1
11/02/78,FIGARO,1
18/02/78,TAKE A CHANCE ON ME,3
11/03/78,WUTHERING HEIGHTS,4
08/04/78,MATCHSTALK MEN AND MATCHSTALK CATS AND DOGS,3
29/04/78,NIGHT FEVER,2
13/05/78,RIVERS OF BABYLON/BROWN GIRL IN THE RING,5
17/06/78,YOU'RE THE ONE THAT I WANT,9
19/08/78,THREE TIMES A LADY,5
23/09/78,DREADLOCK HOLIDAY,1
30/09/78,SUMMER NIGHTS,7
18/11/78,RAT TRAP,2
02/12/78,DA YA THINK I'M SEXY,1
09/12/78,MARY'S BOY CHILD - OH MY LORD,4
06/01/79,Y.M.C.A.,3
27/01/79,HIT ME WITH YOUR RHYTHM STICK,1
03/02/79,HEART OF GLASS,4
03/03/79,TRAGEDY,2
17/03/79,I WILL SURVIVE,4
14/04/79,BRIGHT EYES,6
26/05/79,SUNDAY GIRL,3
16/06/79,RING MY BELL,2
30/06/79,ARE 'FRIENDS' ELECTRIC?,4
28/07/79,I DON'T LIKE MONDAYS,4
25/08/79,WE DON'T TALK ANYMORE,4
22/09/79,CARS,1
29/09/79,MESSAGE IN A BOTTLE,3
20/10/79,VIDEO KILLED THE RADIO STAR,1
27/10/79,ONE DAY AT A TIME,3
17/11/79,WHEN YOU'RE IN LOVE WITH A BEAUTIFUL WOMAN,3
08/12/79,WALKING ON THE MOON,1
15/12/79,ANOTHER BRICK IN THE WALL (PART 2),5
19/01/80,BRASS IN POCKET,2
02/02/80,THE SPECIAL A.K.A. LIVE! EP,2
16/02/80,COWARD OF THE COUNTY,2
01/03/80,ATOMIC,2
15/03/80,TOGETHER WE ARE BEAUTIFUL,1
22/03/80,GOING UNDERGROUND/DREAMS OF CHILDREN,3
12/04/80,WORKING MY WAY BACK TO YOU - FORGIVE ME GIRL (MEDLEY),2
26/04/80,CALL ME,1
03/05/80,GENO,2
17/05/80,WHAT'S ANOTHER YEAR,2
31/05/80,THEME FROM M*A*S*H (SUICIDE IS PAINLESS),3
21/06/80,CRYING,3
12/07/80,XANADU,2
26/07/80,USE IT UP AND WEAR IT OUT,2
09/08/80,THE WINNER TAKES IT ALL,2
23/08/80,ASHES TO ASHES,2
06/09/80,START,1
13/09/80,FEELS LIKE I'M IN LOVE,2
27/09/80,DON'T STAND SO CLOSE TO ME,4
25/10/80,WOMAN IN LOVE,3
15/11/80,THE TIDE IS HIGH,2
29/11/80,SUPER TROUPER,3
20/12/80,(JUST LIKE) STARTING OVER,1
27/12/80,THERE'S NO ONE QUITE LIKE GRANDMA,2
10/01/81,IMAGINE,4
07/02/81,WOMAN,2
21/02/81,SHADDAP YOU FACE,3
14/03/81,JEALOUS GUY,2
28/03/81,THIS OLE HOUSE,3
18/04/81,MAKING YOUR MIND UP,3
09/05/81,STAND AND DELIVER,5
13/06/81,BEING WITH YOU,2
27/06/81,ONE DAY IN YOUR LIFE,2
11/07/81,GHOST TOWN,3
01/08/81,GREEN DOOR,4
29/08/81,JAPANESE BOY,1
05/09/81,TAINTED LOVE,2
19/09/81,PRINCE CHARMING,4
17/10/81,IT'S MY PARTY,4
14/11/81,EVERY LITTLE THING SHE DOES IS MAGIC,1
21/11/81,UNDER PRESSURE,2
05/12/81,BEGIN THE BEGUINE (VOLVER A EMPEZAR),1
12/12/81,DON'T YOU WANT ME,5
16/01/82,THE LAND OF MAKE BELIEVE,2
30/01/82,OH JULIE,1
06/02/82,THE MODEL/COMPUTER LOVE,1
13/02/82,A TOWN CALLED MALICE/PRECIOUS,3
06/03/82,THE LION SLEEPS TONIGHT,3
27/03/82,SEVEN TEARS,3
17/04/82,MY CAMERA NEVER LIES,1
24/04/82,EBONY AND IVORY,3
15/05/82,A LITTLE PEACE,2
29/05/82,HOUSE OF FUN,2
12/06/82,GOODY TWO SHOES,2
26/06/82,I'VE NEVER BEEN TO ME,1
03/07/82,HAPPY TALK,2
17/07/82,FAME,3
07/08/82,COME ON EILEEN,4
04/09/82,EYE OF THE TIGER,4
02/10/82,PASS THE DUTCHIE,3
23/10/82,DO YOU REALLY WANT TO HURT ME,3
13/11/82,I DON'T WANNA DANCE,3
04/12/82,BEAT SURRENDER,2
18/12/82,SAVE YOUR LOVE,4
15/01/83,YOU CAN'T HURRY LOVE,2
29/01/83,DOWN UNDER,3
19/02/83,TOO SHY,2
05/03/83,BILLIE JEAN,1
12/03/83,TOTAL ECLIPSE OF THE HEART,2
26/03/83,IS THERE SOMETHING I SHOULD KNOW,2
09/04/83,LET'S DANCE,3
30/04/83,TRUE.,4
28/05/83,CANDY GIRL,1
04/06/83,EVERY BREATH YOU TAKE,4
02/07/83,BABY JANE,3
23/07/83,WHEREVER I LAY MY HAT (THAT'S MY HOME),3
13/08/83,GIVE IT UP,3
03/09/83,RED RED WINE,3
24/09/83,KARMA CHAMELEON,6
05/11/83,UPTOWN GIRL,5
10/12/83,ONLY YOU,5
14/01/84,PIPES OF PEACE,2
28/01/84,RELAX,5
03/03/84,99 RED BALLOONS,3
24/03/84,HELLO,6
05/05/84,THE REFLEX,4
02/06/84,WAKE ME UP BEFORE YOU GO-GO,2
16/06/84,TWO TRIBES,9
18/08/84,CARELESS WHISPER,3
08/09/84,I JUST CALLED TO SAY I LOVE YOU,6
20/10/84,FREEDOM,3
10/11/84,I FEEL FOR YOU,3
01/12/84,I SHOULD HAVE KNOWN BETTER,1
08/12/84,THE POWER OF LOVE,1
15/12/84,DO THEY KNOW IT'S CHRISTMAS?,5
19/01/85,I WANT TO KNOW WHAT LOVE IS,3
09/02/85,I KNOW HIM SO WELL,4
09/03/85,YOU SPIN ME ROUND (LIKE A RECORD),2
23/03/85,EASY LOVER,4
20/04/85,WE ARE THE WORLD,2
04/05/85,MOVE CLOSER,1
11/05/85,19,5
15/06/85,YOU'LL NEVER WALK ALONE,2
29/06/85,FRANKIE,4
27/07/85,THERE MUST BE AN ANGEL (PLAYING WITH MY HEART),1
03/08/85,INTO THE GROOVE,4
31/08/85,I GOT YOU BABE,1
07/09/85,DANCING IN THE STREETS,4
05/10/85,IF I WAS,1
12/10/85,THE POWER OF LOVE,5
16/11/85,A GOOD HEART,2
30/11/85,I'M YOUR MAN,2
14/12/85,SAVING ALL MY LOVE FOR YOU,2
28/12/85,MERRY CHRISTMAS EVERYONE,2
11/01/86,WEST END GIRLS,2
25/01/86,THE SUN ALWAYS SHINES ON TV,2
08/02/86,"WHEN THE GOING GETS TOUGH, THE TOUGH GET GOING",4
08/03/86,CHAIN REACTION,3
29/03/86,LIVING DOLL,3
19/04/86,A DIFFERENT CORNER,3
10/05/86,ROCK ME AMADEUS,1
17/05/86,THE CHICKEN SONG,3
07/06/86,SPIRIT IN THE SKY,3
28/06/86,THE EDGE OF HEAVEN/WHERE DID YOUR HEART GO,2
12/07/86,PAPA DON'T PREACH,3
02/08/86,THE LADY IN RED,3
23/08/86,I WANT TO WAKE UP WITH YOU,3
13/09/86,DON'T LEAVE ME THIS WAY,4
11/10/86,TRUE BLUE,1
18/10/86,EVERY LOSER WINS,3
08/11/86,TAKE MY BREATH AWAY (LOVE THEME FROM 'TOP GUN'),4
06/12/86,THE FINAL COUNTDOWN,2
20/12/86,CARAVAN OF LOVE,1
27/12/86,REET PETITE (THE SWEETEST GIRL IN TOWN),4
24/01/87,JACK YOUR BODY,2
07/02/87,I KNEW YOU WERE WAITING (FOR ME),2
21/02/87,STAND BY ME,3
14/03/87,EVERYTHING I OWN,2
28/03/87,RESPECTABLE,1
04/04/87,LET IT BE,3
25/04/87,LA ISLA BONITA,2
09/05/87,NOTHING'S GONNA STOP US NOW,4
06/06/87,I WANNA DANCE WITH SOMEBODY (WHO LOVES ME),2
20/06/87,STAR TREKKIN',2
04/07/87,IT'S A SIN,3
25/07/87,WHO'S THAT GIRL,1
01/08/87,LA BAMBA,2
15/08/87,I JUST CAN'T STOP LOVING YOU,2
29/08/87,NEVER GONNA GIVE YOU UP,5
03/10/87,PUMP UP THE VOLUME / ANITINA (THE FIRST TIME I SEE SHE DANCE),2
17/10/87,YOU WIN AGAIN,4
14/11/87,CHINA IN YOUR HAND,5
19/12/87,ALWAYS ON MY MIND,4
16/01/88,HEAVEN IS A PLACE ON EARTH,2
30/01/88,I THINK WE'RE ALONE NOW,3
20/02/88,I SHOULD BE SO LUCKY,5
26/03/88,DON'T TURN AROUND,2
09/04/88,HEART,3
30/04/88,THEME FROM S-EXPRESS,2
14/05/88,PERFECT,1
21/05/88,WITH A LITTLE HELP FROM MY FRIENDS/SHE'S LEAVING HOME,4
18/06/88,DOCTORIN' THE TARDIS,1
25/06/88,I OWE YOU NOTHING,2
09/07/88,NOTHING'S GONNA CHANGE MY LOVE FOR YOU,4
06/08/88,THE ONLY WAY IS UP,5
10/09/88,A GROOVY KIND OF LOVE,2
24/09/88,"HE AIN'T HEAVY, HE'S MY BROTHER",2
08/10/88,DESIRE,1
15/10/88,ONE MOMENT IN TIME,2
29/10/88,ORINOCO FLOW,3
19/11/88,THE FIRST TIME,3
10/12/88,MISTLETOE AND WINE,4
07/01/89,ESPECIALLY FOR YOU,3
28/01/89,SOMETHINGS GOTTEN HOLD OF MY HEART,4
25/02/89,BELFAST CHILD,2
11/03/89,TOO MANY BROKEN HEARTS,2
25/03/89,LIKE A PRAYER,3
15/04/89,ETERNAL FLAME,4
13/05/89,HAND ON YOUR HEART,1
20/05/89,FERRY 'CROSS THE MERSEY,3
10/06/89,SEALED WITH A KISS,2
24/06/89,BACK TO LIFE (HOWEVER DO YOU WANT ME),4
22/07/89,YOU'LL NEVER STOP ME LOVING YOU,2
05/08/89,SWING THE MOOD,5
09/09/89,RIDE ON TIME,6
21/10/89,THAT'S WHAT I LIKE,3
11/11/89,ALL AROUND THE WORLD,2
25/11/89,YOU GOT IT (THE RIGHT STUFF),3
16/12/89,LET'S PARTY,1
23/12/89,DO THEY KNOW IT'S CHRISTMAS?,3
16/01/90,HANGIN' TOUGH,2
27/01/90,TEARS ON MY PILLOW,1
03/02/90,NOTHING COMPARES 2 U,4
03/03/90,DUB BE GOOD TO ME,4
31/03/90,THE POWER,2
14/04/90,VOGUE,4
12/05/90,KILLER,4
09/06/90,WORLD IN MOTION,2
23/06/90,SACRIFICE/HEALING HANDS,5
28/07/90,TURTLE POWER,4
25/08/90,ITSY BITSY TEENY WEENY YELLOW POLKA DOT BIKINI,3
15/09/90,THE JOKER,2
29/09/90,SHOW ME HEAVEN,4
27/10/90,A LITTLE TIME,1
03/11/90,UNCHAINED MELODY,4
01/12/90,ICE ICE BABY,4
29/12/90,SAVIOUR'S DAY,1
05/01/91,BRING YOUR DAUGHTER...TO THE SLAUGHTER,2
19/01/91,SADENESS PART 1,1
26/01/91,INNUENDO,1
02/02/91,3 AM ETERNAL,2
16/02/91,DO THE BARTMAN,3
09/03/91,SHOULD I STAY OR SHOULD I GO,2
23/03/91,THE STONK,1
30/03/91,THE ONE AND ONLY,5
04/05/91,THE SHOOP SHOOP SONG (IT'S IN HIS KISS),5
08/06/91,I WANNA SEX YOU UP,3
29/06/91,ANY DREAM WILL DO,2
13/07/91,(EVERYTHING I DO) I DO IT FOR YOU,16
02/11/91,THE FLY,1
09/11/91,DIZZY,2
23/11/91,BLACK OR WHITE,2
07/12/91,DON'T LET THE SUN GO DOWN ON ME,2
21/12/91,BOHEMIAN RHAPSODY/THESE ARE THE DAYS OF OUR LIVES,5
25/01/92,GOODNIGHT GIRL,4
22/02/92,STAY,8
18/04/92,DEEPLY DIPPY,3
09/05/92,PLEASE DON'T GO/GAME BOY,5
13/06/92,ABBA-ESQUE EP,5
18/07/92,AIN'T NO DOUBT,3
08/08/92,RHYTHM IS A DANCER,6
19/09/92,EBENEEZER GOODE,4
17/10/92,SLEEPING SATELLITE,2
31/10/92,END OF THE ROAD,3
21/11/92,WOULD I LIE TO YOU,2
05/12/92,I WILL ALWAYS LOVE YOU,10
13/02/93,NO LIMIT,5
20/03/93,OH CAROLINA,2
03/04/93,YOUNG AT HEART,4
01/05/93,FIVE LIVE EP,3
22/05/93,ALL THAT SHE WANTS,3
12/06/93,(I CAN'T HELP) FALLING IN LOVE WITH YOU,2
26/06/93,DREAMS,3
17/07/93,PRAY,4
14/08/93,LIVING ON MY OWN,2
28/08/93,MR VAIN,4
25/09/93,BOOM! SHAKE THE ROOM,2
09/10/93,RELIGHT MY FIRE,2
23/10/93,I'D DO ANYTHING FOR LOVE (BUT I WON'T DO THAT),7
11/12/93,MR BLOBBY,1
18/12/93,BABE,1
25/12/93,MR BLOBBY,2
08/01/94,TWIST & SHOUT,2
22/01/94,THINGS CAN ONLY GET BETTER,4
19/02/94,WITHOUT YOU,4
19/03/94,DOOP,3
09/04/94,EVERYTHING CHANGES,2
23/04/94,THE MOST BEAUTIFUL GIRL IN THE WORLD,2
07/05/94,THE REAL THING,1
14/05/94,INSIDE,1
21/05/94,COME ON YOU REDS,1
04/06/94,LOVE IS ALL AROUND,15
17/09/94,SATURDAY NIGHT,4
15/10/94,SURE,2
29/10/94,BABY COME BACK,4
26/11/94,LET ME BE YOUR FANTASY,2
10/12/94,STAY ANOTHER DAY,5
14/01/95,COTTON EYE JOE,3
04/02/95,THINK TWICE,7
25/03/95,LOVE CAN BUILD A BRIDGE,1
01/04/95,DON'T STOP (WIGGLE WIGGLE),1
08/04/95,BACK FOR GOOD,4
06/05/95,SOME MIGHT SAY,1
13/05/95,DREAMER,1
20/05/95,UNCHAINED MELODY/(THERE'LL BE BLUEBIRDS OVER) WHITE CLIFFS OF DOVER,7
08/07/95,BOOM BOOM BOOM,4
05/08/95,NEVER FORGET,3
26/08/95,COUNTRY HOUSE,2
09/09/95,YOU ARE NOT ALONE,2
23/09/95,BOOMBASTIC,1
30/09/95,FAIRGROUND,4
28/10/95,GANGSTA'S PARADISE,2
11/11/95,I BELIEVE/UP ON THE ROOF,4
09/12/95,EARTH SONG,6
20/01/96,JESUS TO A CHILD,1
27/01/96,SPACEMAN,5
02/03/96,DON'T LOOK BACK IN ANGER,1
09/03/96,HOW DEEP IS YOUR LOVE,3
30/03/96,FIRESTARTER,3
20/04/96,RETURN OF THE MACK,2
04/05/96,FASTLOVE,3
25/05/96,OOH AAH... JUST A LITTLE BIT,1
01/06/96,THREE LIONS (THE OFFICIAL SONG OF THE ENGLAND FOOTBALL TEAM),1
08/06/96,KILLING ME SOFTLY,4
06/07/96,THREE LIONS (THE OFFICIAL SONG OF THE ENGLAND FOOTBALL TEAM),1
13/07/96,KILLING ME SOFTLY,1
20/07/96,FOREVER LOVE,1
27/07/96,WANNABE,7
14/09/96,FLAVA,1
21/09/96,READY OR NOT,2
05/10/96,BREAKFAST AT TIFFANY'S,1
12/10/96,SETTING SUN,1
19/10/96,WORDS,1
26/10/96,SAY YOU'LL BE THERE,2
09/11/96,WHAT BECOMES OF THE BROKENHEARTED/SATURDAY NIGHT AT THE MOVIES/YOU'LL NEVER WALK ALONE,2
23/11/96,BREATHE,2
07/12/96,I FEEL YOU,1
14/12/96,A DIFFERENT BEAT,1
21/12/96,KNOCKIN' ON HEAVEN'S DOOR/THROW THESE GUNS AWAY,1
28/12/96,2 BECOME 1,3
18/01/97,PROFESSIONAL WIDOW (IT'S GOT TO BE BIG),1
25/01/97,YOUR WOMAN,1
01/02/97,BEETLEBUM,1
08/02/97,AIN'T NOBODY,1
15/02/97,DISCOTHEQUE,1
22/02/97,DON'T SPEAK,3
15/03/97,MAMA/WHO DO YOU THINK YOU ARE,3
05/04/97,BLOCK ROCKIN' BEATS,1
12/04/97,I BELIEVE I CAN FLY,3
03/05/97,BLOOD ON THE DANCE FLOOR,1
10/05/97,LOVE WON'T WAIT,1
17/05/97,YOU'RE NOT ALONE,2
31/05/97,I WANNA BE THE ONE,1
07/06/97,MMMBOP,3
28/06/97,I'LL BE MISSING YOU,3
19/07/97,D'YOU KNOW WHAT I MEAN?,1
26/07/97,I'LL BE MISSING YOU,3
16/08/97,MEN IN BLACK,4
13/09/97,THE DRUGS DON'T WORK,1
20/09/97,SOMETHING ABOUT THE WAY YOU LOOK TONIGHT/CANDLE IN THE WIND 97,5
25/10/97,SPICE UP YOUR LIFE,1
01/11/97,BARBIE GIRL,4
29/11/97,PERFECT DAY,2
13/12/97,TELETUBBIES SAY EH-OH!,2
27/12/97,TOO MUCH,2
10/01/98,PERFECT DAY,1
17/01/98,NEVER EVER,1
24/01/98,ALL AROUND THE WORLD,1
31/01/98,YOU MAKE ME WANNA...,1
07/02/98,DOCTOR JONES,2
21/02/98,MY HEART WILL GO ON,1
28/02/98,BRIMFUL OF ASHA,1
07/03/98,FROZEN,1
14/03/98,MY HEART WILL GO ON,1
21/03/98,IT'S LIKE THAT,6
02/05/98,ALL THAT I NEED,1
09/05/98,UNDER THE BRIDGE/LADY MARMALADE,1
16/05/98,TURN BACK TIME,1
23/05/98,UNDER THE BRIDGE/LADY MARMALADE,1
30/05/98,FEEL IT,1
06/06/98,C'EST LA VIE,2
20/06/98,THREE LIONS '98,3
11/07/98,BECAUSE WE WANT TO,1
18/07/98,FREAK ME,1
25/07/98,DEEPER UNDERGROUND,1
01/08/98,VIVA FOREVER,2
15/08/98,NO MATTER WHAT,3
05/09/98,IF YOU TOLERATE THIS YOUR CHILDREN WILL BE NEXT,1
12/09/98,BOOTIE CALL,1
19/09/98,MILLENNIUM,1
26/09/98,I WANT YOU BACK,1
03/10/98,ROLLERCOASTER,2
17/10/98,GIRLFRIEND,1
24/10/98,GYM AND TONIC,1
31/10/98,BELIEVE,7
19/12/98,TO YOU I BELONG,1
26/12/98,GOODBYE,1
02/01/99,CHOCOLATE SALTY BALLS (PS I LOVE YOU),1
09/01/99,HEARTBEAT/TRAGEDY,1
16/01/99,PRAISE YOU,1
23/01/99,A LITTLE BIT MORE,1
30/01/99,PRETTY FLY (FOR A WHITE GUY),1
06/02/99,YOU DON'T KNOW ME,1
13/02/99,MARIA,1
20/02/99,FLY AWAY,1
27/02/99,BABY ONE MORE TIME,2
13/03/99,WHEN THE GOING GETS TOUGH,2
27/03/99,BLAME IT ON THE WEATHERMAN,1
03/04/99,FLAT BEAT,2
17/04/99,PERFECT MOMENT,2
01/05/99,SWEAR IT AGAIN,2
15/05/99,I WANT IT THAT WAY,1
22/05/99,YOU NEEDED ME,1
29/05/99,SWEET LIKE CHOCOLATE,2
12/06/99,EVERYBODY'S FREE (TO WEAR SUNSCREEN),1
19/06/99,BRING IT ALL BACK,1
26/06/99,BOOM BOOM BOOM BOOM!!,1
03/07/99,9PM (TILL I COME),2
17/07/99,LIVIN' LA VIDA LOCA,3
07/08/99,WHEN YOU SAY NOTHING AT ALL,2
21/08/99,IF I LET YOU GO,1
28/08/99,MI CHICO LATINO,1
04/09/99,MAMBO NO 5 (A LITTLE BIT OF…),2
18/09/99,WE'RE GOING TO IBIZA!,1
25/09/99,BLUE (DA BA DEE),3
16/10/99,GENIE IN A BOTTLE,2
30/10/99,FLYING WITHOUT WINGS,1
06/11/99,KEEP ON MOVIN',1
13/11/99,LIFT ME UP,1
20/11/99,SHE'S THE ONE/IT'S ONLY US,1
27/11/99,KING OF MY CASTLE,1
04/12/99,MILLENNIUM PRAYER,3
25/12/99,I HAVE A DREAM/SEASONS IN THE SUN,4
22/01/00,THE MASSES AGAINST THE CLASSES,1
29/01/00,BORN TO MAKE YOU HAPPY,1
05/02/00,RISE,2
19/02/00,GO LET IT OUT,1
26/02/00,PURE SHORES,2
11/03/00,AMERICAN PIE,1
18/03/00,DON'T GIVE UP,1
25/03/00,BAG IT UP,1
01/04/00,NEVER BE THE SAME AGAIN,1
08/04/00,FOOL AGAIN,1
15/04/00,FILL ME IN,1
22/04/00,TOCA'S MIRACLE,2
06/05/00,BOUND 4 DA RELOAD (CASUALTY),1
13/05/00,OOPS!... I DID IT AGAIN,1
20/05/00,DON'T CALL ME BABY,1
27/05/00,DAY & NIGHT,1
03/06/00,IT FEELS SO GOOD,3
24/06/00,YOU SEE THE TROUBLE WITH ME,1
01/07/00,SPINNING AROUND,1
08/07/00,THE REAL SLIM SHADY,1
15/07/00,BREATHLESS,1
22/07/00,LIFE IS A ROLLERCOASTER,1
29/07/00,WE WILL ROCK YOU,1
05/08/00,7 DAYS,1
12/08/00,ROCK DJ,1
19/08/00,I TURN TO YOU,1
26/08/00,GROOVEJET (IF THIS AIN'T LOVE),1
02/09/00,MUSIC,1
09/09/00,TAKE ON ME,1
16/09/00,LADY (HEAR ME TONIGHT),2
30/09/00,AGAINST ALL ODDS,2
14/10/00,BLACK COFFEE,1
21/10/00,BEAUTIFUL DAY,1
28/10/00,STOMP,1
04/11/00,HOLLER/LET LOVE LEAD THE WAY,1
11/11/00,MY LOVE,1
18/11/00,SAME OLD BRAND NEW YOU,1
25/11/00,CAN'T FIGHT THE MOONLIGHT,1
02/12/00,INDEPENDENT WOMEN PART 1,1
09/12/00,NEVER HAD A DREAM COME TRUE,1
16/12/00,STAN,1
23/12/00,CAN WE FIX IT,3
13/01/01,TOUCH ME,1
20/01/01,LOVE DON'T COST A THING,1
27/01/01,ROLLIN',2
10/02/01,WHOLE AGAIN,4
10/03/01,IT WASN'T ME,1
17/03/01,UPTOWN GIRL,1
24/03/01,PURE AND SIMPLE,3
14/04/01,WHAT TOOK YOU SO LONG,2
28/04/01,SURVIVOR,1
05/05/01,DON'T STOP MOVIN',1
12/05/01,IT'S RAINING MEN,2
26/05/01,DON'T STOP MOVIN',1
02/06/01,DO YOU REALLY LIKE IT,1
09/06/01,ANGEL,3
30/06/01,LADY MARMALADE,1
07/07/01,THE WAY TO YOUR LOVE,1
14/07/01,ANOTHER CHANCE,1
21/07/01,ETERNITY/THE ROAD TO MANDALAY,2
04/08/01,ETERNAL FLAME,2
18/08/01,21 SECONDS,1
25/08/01,LET'S DANCE,2
08/09/01,TOO CLOSE,1
15/09/01,MAMBO NO 5,1
22/09/01,HEY BABY,1
29/09/01,CAN'T GET YOU OUT OF MY HEAD,4
27/10/01,BECAUSE I GOT HIGH,3
17/11/01,QUEEN OF MY HEART,1
24/11/01,IF YOU COME BACK,1
01/12/01,HAVE YOU EVER,1
08/12/01,GOTTA GET THRU THIS,2
22/12/01,SOMETHIN' STUPID,3
12/01/02,GOTTA GET THRU THIS,1
19/01/02,MORE THAN A WOMAN,1
26/01/02,MY SWEET LORD,1
02/02/02,HERO,4
02/03/02,WORLD OF OUR OWN,1
09/03/02,ANYTHING IS POSSIBLE/ EVERGREEN,3
30/03/02,UNCHAINED MELODY,4
27/04/02,THE HINDU TIMES,1
04/05/02,FREAK LIKE ME,1
11/05/02,KISS KISS,1
18/05/02,IF TOMORROW NEVER COMES,1
25/05/02,JUST A LITTLE,1
01/06/02,WITHOUT ME,1
08/06/02,LIGHT MY FIRE,2
22/06/02,A LITTLE LESS CONVERSATION,4
20/07/02,ANYONE OF US (STUPID MISTAKE),3
10/08/02,COLOURBLIND,2
24/08/02,ROUND ROUND,1
31/08/02,CROSSROADS,1
07/09/02,THE TIDE IS HIGH (GET THE FEELING),3
28/09/02,JUST LIKE A PILL,1
05/10/02,THE LONG AND WINDING ROAD/SUSPICIOUS MINDS,2
19/10/02,THE KETCHUP SONG (ASEREJE),1
26/10/02,DILEMMA,2
09/11/02,HEAVEN,1
16/11/02,UNBREAKABLE,1
23/11/02,DIRRTY,2
07/12/02,IF YOU'RE NOT THE ONE,1
14/12/02,LOSE YOURSELF,1
21/12/02,SORRY SEEMS TO BE THE HARDEST WORD,1
28/12/02,SOUND OF THE UNDERGROUND,4
25/01/03,STOP LIVING THE LIE,2
08/02/03,ALL THE THINGS SHE SAID,4
08/03/03,BEAUTIFUL,2
22/03/03,SPIRIT IN THE SKY,2
05/04/03,MAKE LUV,4
03/05/03,YOU SAID NO,1
10/05/03,LONELINESS,1
17/05/03,IGNITION,4
14/06/03,BRING ME TO LIFE,4
12/07/03,CRAZY IN LOVE,3
02/08/03,NEVER GONNA LEAVE YOUR SIDE,1
09/08/03,BREATHE,4
06/09/03,ARE YOU READY FOR LOVE,1
13/09/03,WHERE IS THE LOVE,6
25/10/03,HOLE IN THE HEAD,1
01/11/03,BE FAITHFUL,2
15/11/03,SLOW,1
22/11/03,CRASHED THE WEDDING,1
29/11/03,MANDY,1
06/12/03,LEAVE RIGHT NOW,2
20/12/03,CHANGES,1
27/12/03,MAD WORLD,3
17/01/04,ALL THIS TIME,3
07/02/04,TAKE ME TO THE CLOUDS ABOVE,2
21/02/04,WITH A LITTLE HELP FROM MY FRIENDS/MEASURE OF A MAN,1
28/02/04,WHO'S DAVID,1
06/03/04,MYSTERIOUS GIRL,1
13/03/04,TOXIC,1
20/03/04,CHA CHA SLIDE,1
27/03/04,YEAH,2
10/04/04,FIVE COLOURS IN HER HAIR,2
24/04/04,F**K IT (I DON'T WANT YOU BACK),4
22/05/04,F.U.R.B (F U RIGHT BACK),3
12/06/04,I DON'T WANNA KNOW,2
26/06/04,EVERYTIME,1
03/07/04,OBVIOUSLY,1
10/07/04,BURN,2
24/07/04,LOLA'S THEME,1
31/07/04,DRY YOUR EYES,1
07/08/04,THUNDERBIRDS/3AM,2
21/08/04,BABYCAKES,1
28/08/04,THESE WORDS,2
11/09/04,MY PLACE/FLAP YOUR WINGS,1
18/09/04,REAL TO ME,1
25/09/04,CALL ON ME,3
16/10/04,RADIO,1
23/10/04,CALL ON ME,2
06/11/04,WONDERFUL,1
13/11/04,JUST LOSE IT,1
20/11/04,VERTIGO,1
27/11/04,I'LL STAND BY YOU,2
11/12/04,DO THEY KNOW IT'S CHRISTMAS?,4
08/01/05,AGAINST ALL ODDS,1
15/01/05,JAILHOUSE ROCK,1
22/01/05,ONE NIGHT/I GOT STUNG,1
29/01/05,GOODIES,1
05/02/05,IT'S NOW OR NEVER **,1
12/02/05,LIKE TOY SOLDIERS,1
19/02/05,SOMETIMES YOU CAN'T MAKE IT ON YOUR OWN,1
26/02/05,GET RIGHT,1
05/03/05,OVER AND OVER,1
12/03/05,DAKOTA,1
19/03/05,ALL ABOUT YOU/YOU'VE GOT A FRIEND,1
26/03/05,(IS THIS THE WAY TO) AMARILLO?,7
14/05/05,LONELY,2
28/05/05,LYLA,1
04/06/05,AXEL F,4
02/07/05,GHETTO GOSPEL,3
23/07/05,YOU'RE BEAUTIFUL,5
27/08/05,I'LL BE OK,1
03/09/05,THE IMPORTANCE OF BEING IDLE,1
10/09/05,DARE,1
17/09/05,DON'T CHA,3
08/10/05,PUSH THE BUTTON,3
29/10/05,I BET YOU LOOK GOOD ON THE DANCEFLOOR,1
12/11/05,YOU RAISE ME UP,2
19/11/05,HUNG UP,3
10/12/05,STICKWITU,2
24/12/05,JCB SONG,1
31/12/05,THAT'S MY GOAL,4
28/01/06,WHEN THE SUN GOES DOWN,1
04/02/06,NASTY GIRL,2
18/02/06,THUNDER IN MY HEART AGAIN,2
04/03/06,SORRY,1
11/03/06,IT'S CHICO TIME,2
25/03/06,NO TOMORROW,1
01/04/06,SO SICK,1
08/04/06,CRAZY,9
10/06/06,I WISH I WAS A PUNK ROCKER (WITH FLOWERS IN MY HAIR),1
17/06/06,MANEATER,3
08/07/06,HIPS DON'T LIE,1
15/07/06,SMILE,2
29/07/06,"DON'T STOP ME NOW/PLEASE, PLEASE",1
05/08/06,HIPS DON'T LIE,4
02/09/06,DÉJÀ VU,1
09/09/06,SEXYBACK,1
16/09/06,I DON'T FEEL LIKE DANCIN',4
14/10/06,AMERICA,1
21/10/06,WELCOME TO THE BLACK PARADE,2
04/11/06,STAR GIRL,1
11/11/06,PUT YOUR HANDS UP FOR DETROIT,1
18/11/06,THE ROSE,1
25/11/06,SMACK THAT,1
02/12/06,PATIENCE,4
30/12/06,A MOMENT LIKE THIS,4
27/01/07,GRACE KELLY,5
03/03/07,RUBY,1
10/03/07,SHINE,2
23/03/07,WALK THIS WAY,1
31/03/07,I'M GONNA BE (500 MILES),3
21/04/07,GIVE IT TO ME,1
28/04/07,BEAUTIFUL LIAR,3
19/05/07,BABY'S COMING BACK/TRANSYLVANIA,1
26/05/07,UMBRELLA,10
04/08/07,THE WAY I ARE,2
18/08/07,WITH EVERY HEARTBEAT,1
25/08/07,STRONGER,2
08/09/07,BEAUTIFUL GIRLS,4
06/10/07,ABOUT YOU NOW,4
03/11/07,BLEEDING LOVE,7
22/12/07,WHAT A WONDERFUL WORLD,1
29/12/07,WHEN YOU BELIEVE,3
19/01/08,NOW YOU'RE GONE,5
23/02/08,MERCY,5
29/03/08,AMERICAN BOY,4
26/04/08,4 MINUTES,4
24/05/08,THAT'S NOT MY NAME,1
31/05/08,TAKE A BOW,2
14/06/08,SINGIN' IN THE RAIN,2
28/06/08,VIVA LA VIDA,1
05/07/08,CLOSER,1
12/07/08,DANCE WIV ME,4
09/08/08,ALL SUMMER LONG,1
16/08/08,I KISSED A GIRL,5
20/09/08,SEX ON FIRE,3
11/10/08,SO WHAT,3
01/11/08,THE PROMISE,1
08/11/08,HERO,3
29/11/08,IF I WERE A BOY,1
06/12/08,GREATEST DAY,1
13/12/08,RUN,2
27/12/08,HALLELUJAH,3
17/01/09,JUST DANCE,3
07/02/09,THE FEAR,4
07/03/09,MY LIFE WOULD SUCK WITHOUT YOU,1
14/03/09,RIGHT ROUND,1
21/03/09,ISLANDS IN THE STREAM,1
28/03/09,POKER FACE,3
18/04/09,I'M NOT ALONE,2
02/05/09,NUMBER 1,3
23/05/09,BOOM BOOM POW,1
30/05/09,BONKERS,2
13/06/09,BOOM BOOM POW,1
20/06/09,MAMA DO,1
27/06/09,WHEN LOVE TAKES OVER,1
04/07/09,BULLETPROOF,1
11/07/09,EVACUATE THE DANCEFLOOR,2
25/07/09,BEAT AGAIN,2
08/08/09,I GOTTA FEELING,1
15/08/09,NEVER LEAVE YOU,1
22/08/09,I GOTTA FEELING,1
29/08/09,SEXY CHICK,1
05/09/09,HOLIDAY,1
12/09/09,RUN THIS TOWN,1
19/09/09,BOYS AND GIRLS,1
26/09/09,BREAK YOUR HEART,3
17/10/09,OOPSY DAISY,1
24/10/09,BAD BOYS,1
31/10/09,FIGHT FOR THIS LOVE,2
14/11/09,EVERYBODY IN LOVE,1
21/11/09,MEET ME HALFWAY,1
28/11/09,YOU ARE NOT ALONE,1
05/12/09,THE OFFICIAL BBC CHILDREN IN NEED MEDLEY,2
19/12/09,BAD ROMANCE,1
26/12/09,KILLING IN THE NAME,1
02/01/10,THE CLIMB,1
09/01/10,BAD ROMANCE,1
16/01/10,REPLAY,2
30/01/10,FIREFLIES,3
20/02/10,EVERYBODY HURTS,2
06/03/10,IN MY HEAD,1
13/03/10,PASS OUT,2
27/03/10,TELEPHONE,2
10/04/10,THIS AIN'T A LOVE SONG,2
24/04/10,OMG,1
01/05/10,ONCE,1
08/05/10,GOOD TIMES,3
29/05/10,NOTHIN' ON YOU,1
05/06/10,DIRTEE DISCO,1
12/06/10,GETTIN' OVER YOU,1
19/06/10,SHOUT,2
03/07/10,CALIFORNIA GURLS,2
17/07/10,THE CLUB IS ALIVE,1
24/07/10,AIRPLANES,1
31/07/10,WE NO SPEAK AMERICANO,1
07/08/10,ALL TIME LOW,1
14/08/10,BEAUTIFUL MONSTER,1
21/08/10,CLUB CAN'T HANDLE ME,1
28/08/10,GREEN LIGHT,1
04/09/10,DYNAMITE,1
11/09/10,PLEASE DON'T LET ME GO,1
18/09/10,START WITHOUT YOU,2
02/10/10,JUST THE WAY YOU ARE (AMAZING),1
09/10/10,WRITTEN IN THE STARS,1
16/10/10,FORGET YOU,2
30/10/10,JUST THE WAY YOU ARE (AMAZING),1
06/11/10,PROMISE THIS,1
13/11/10,ONLY GIRL (IN THE WORLD),2
27/11/10,LOVE YOU MORE,1
04/12/10,HEROES,2
18/12/10,THE TIME (DIRTY BIT),1
25/12/10,WHEN WE COLLIDE,3
15/01/11,WHAT'S MY NAME,1
22/01/11,GRENADE,2
05/02/11,WE R WHO WE R,1
12/02/11,PRICE TAG,2
26/02/11,SOMEONE LIKE YOU,4
26/03/11,DON'T HOLD YOUR BREATH,1
02/04/11,SOMEONE LIKE YOU,1
09/04/11,ON THE FLOOR,2
23/04/11,PARTY ROCK ANTHEM,4
21/05/11,THE LAZY SONG,1
28/05/11,GIVE ME EVERYTHING,3
18/06/11,CHANGED THE WAY YOU KISS ME,2
02/07/11,DON'T WANNA GO HOME,2
16/07/11,LOUDER,1
23/07/11,GLAD YOU CAME,2
06/08/11,SHE MAKES ME WANNA,1
13/08/11,SWAGGER JAGGER,1
20/08/11,PROMISES,1
27/08/11,DON'T GO,1
03/09/11,HEART SKIPS A BEAT,1
10/09/11,STAY AWAKE,1
17/09/11,ALL ABOUT TONIGHT,1
24/09/11,WHAT MAKES YOU BEAUTIFUL,1
01/10/11,NO REGRETS,1
08/10/11,LOCA PEOPLE,1
15/10/11,WE FOUND LOVE,3
05/11/11,READ ALL ABOUT IT,2
19/11/11,WE FOUND LOVE,3
10/12/11,WISHING ON A STAR,1
17/12/11,DANCE WITH ME TONIGHT,1
24/12/11,CANNONBALL,1
31/12/11,WHEREVER YOU ARE,1
07/01/12,PARADISE,1
14/01/12,GOOD FEELING,1
21/01/12,DOMINO,2
04/02/12,TWILIGHT,1
11/02/12,TITANIUM,1
18/02/12,SOMEBODY THAT I USED TO KNOW,1
25/02/12,HOT RIGHT NOW,1
03/03/12,SOMEBODY THAT I USED TO KNOW,4
31/03/12,PART OF ME,1
07/04/12,TURN UP THE MUSIC,1
14/04/12,CALL ME MAYBE,4
12/05/12,YOUNG,1
19/05/12,R.I.P.,2
02/06/12,WE ARE YOUNG,1
09/06/12,FEEL THE LOVE,1
16/06/12,SING,1
23/06/12,CALL MY NAME,1
30/06/12,PAYPHONE,1
07/07/12,THIS IS LOVE,1
14/07/12,PAYPHONE,2
04/08/12,SPECTRUM,3
18/08/12,HEATWAVE,2
25/08/12,HOW WE DO (PARTY),1
01/09/12,BOM BOM,1
08/09/12,WINGS,1
15/09/12,LET ME LOVE YOU (UNTIL YOU LEARN TO LOVE YOURSELF),1
22/09/12,HALL OF FAME,2
06/10/12,GANGNAM STYLE,1
13/10/12,DIAMONDS,1
20/10/12,DON'T YOU WORRY CHILD,1
27/10/12,SWEET NOTHING,1
03/11/12,BENEATH YOUR BEAUTIFUL,1
10/11/12,CANDY,2
24/11/12,LITTLE THINGS,1
01/12/12,TROUBLEMAKER,2
08/12/12,THE POWER OF LOVE,1
15/12/12,IMPOSSIBLE,1
22/12/12,HE AIN'T HEAVY HE'S MY BROTHER,1
29/12/12,IMPOSSIBLE,3
19/01/13,SCREAM & SHOUT,2
02/02/13,GET UP (RATTLE),2
16/02/13,THRIFT SHOP,1
23/02/13,I COULD BE THE ONE,1
02/03/13,ONE WAY OR ANOTHER (TEENAGE KICKS),1
09/03/13,MIRRORS,3
30/03/13,WHAT ABOUT US,1
06/04/13,LET'S GET READY TO RHUMBLE,1
13/04/13,NEED U (100 PERCENT),2
27/04/13,WAITING ALL NIGHT,1
04/05/13,GET LUCKY,4
01/06/13,LA LA LA,1
08/06/13,BLURRED LINES,4
06/07/13,I LOVE IT,1
13/07/13,LOVE ME AGAIN,1
20/07/13,BLURRED LINES,1
27/07/13,WAKE ME UP,3
17/08/13,WE CAN'T STOP,1
24/08/13,BURN,3
14/09/13,ROAR,2
28/09/13,TALK DIRTY,2
12/10/13,COUNTING STARS,1
19/10/13,WRECKING BALL,1
26/10/13,COUNTING STARS,1
02/11/13,ROYALS,1
09/11/13,THE MONSTER,1
16/11/13,LOOK RIGHT THROUGH,1
23/11/13,ANIMALS,1
30/11/13,SOMEWHERE ONLY WE KNOW,1
07/12/13,UNDER CONTROL,1
14/12/13,SOMEWHERE ONLY WE KNOW,2
28/12/13,SKYSCRAPER,1
04/01/14,HAPPY,1
11/01/14,TIMBER,1
18/01/14,HAPPY,2
01/02/14,RATHER BE,4
01/03/14,MONEY ON MY MIND,1
08/03/14,HAPPY,1
15/03/14,MY LOVE,1
22/03/14,TSUNAMI (JUMP),1
29/03/14,I GOT U,1
05/04/14,SHE LOOKS SO PERFECT,1
12/04/14,THE MAN,1
19/04/14,NOBODY TO LOVE,1
26/04/14,HIDEAWAY,1
03/05/14,WAVES,1
10/05/14,SUMMER,1
17/05/14,WAVES,1
24/05/14,I WILL NEVER LET YOU DOWN,1
31/05/14,STAY WITH ME,1
07/06/14,I WANNA FEEL,1
14/06/14,SING,1
21/06/14,GHOST,2
05/07/14,GECKO (OVERDRIVE),1
12/07/14,PROBLEM,1
19/07/14,IT'S MY BIRTHDAY,1
26/07/14,ME AND MY BROKEN HEART,1
02/08/14,CRAZY STUPID LOVE,1
09/08/14,RUDE,1
16/08/14,AM I WRONG,2
30/08/14,LOVERS ON THE SUN,1
06/09/14,PRAYER IN C,2
20/09/14,BLAME,1
27/09/14,CHANGING,1
04/10/14,BANG BANG,1
11/10/14,ALL ABOUT THAT BASS,4
08/11/14,THINKING OUT LOUD,1
15/11/14,I DON'T CARE,1
22/11/14,WAKE ME UP,1
29/11/14,DO THEY KNOW IT'S CHRISTMAS,1
06/12/14,THESE DAYS,1
13/12/14,THINKING OUT LOUD,1
20/12/14,UPTOWN FUNK,1
27/12/14,SOMETHING I NEED,1
03/01/15,UPTOWN FUNK,6
14/02/15,LOVE ME LIKE YOU DO,4
14/03/15,KING,1
21/03/15,LAY ME DOWN,2
04/04/15,HOLD MY HAND,3
25/04/15,SEE YOU AGAIN,2
09/05/15,CHEERLEADER (FELIX JAEHN REMIX),4
06/06/15,WANT TO WANT ME,4
04/07/15,NOT LETTING GO,1
09/07/15,ARE YOU WITH ME,1
16/07/15,HOUSE EVERY WEEKEND,1
23/07/15,BLACK MAGIC,3
13/08/15,DRAG ME DOWN,1
20/08/15,MARVIN GAYE,1
27/08/15,DON'T BE SO HARD ON YOURSELF,1
03/09/15,FIGHT SONG,1
10/09/15,WHAT DO YOU MEAN?,1
17/09/15,EASY LOVE,1
24/09/15,WHAT DO YOU MEAN?,2
08/10/15,WRITING'S ON THE WALL,1
15/10/15,WHAT DO YOU MEAN,2
29/10/15,TURN THE MUSIC LOUDER (RUMBLE),1
19/11/15,HELLO,3
26/11/15,SORRY,2
10/12/15,LOVE YOURSELF,3
31/12/15,A BRIDGE OVER YOU,1
07/01/16,LOVE YOURSELF,3
21/01/16,STITCHES,2
11/02/16,PILLOWTALK,1
18/02/16,7 YEARS,5
17/03/16,I TOOK A PILL IN IBIZA,4
21/04/16,ONE DANCE,15
04/08/16,COLD WATER,5
08/09/16,CLOSER,4
06/10/16,SAY YOU WON'T LET GO,3
27/10/16,SHOUT OUT TO MY EX,3
17/11/16,ROCKABYE,9
19/01/17,SHAPE OF YOU,13
20/04/17,SIGN OF THE TIMES,1
27/04/17,SHAPE OF YOU,1
04/05/17,SYMPHONY,1
11/05/17,I'M THE ONE,1
18/05/17,DESPACITO,6
29/06/17,BRIDGE OVER TROUBLED WATER,1
06/07/17,DESPACITO,3
27/07/17,WILD THOUGHTS,1
03/08/17,DESPACITO,2
17/08/17,FEELS,1
24/08/17,NEW RULES,2
07/09/17,LOOK WHAT YOU MADE ME DO,2
21/09/17,TOO GOOD AT GOODBYES,3
12/10/17,ROCKSTAR,4
09/11/17,HAVANA,5
14/12/17,PERFECT,6
25/01/18,RIVER,1
01/02/18,GOD'S PLAN,9
05/04/18,THESE DAYS,1
12/04/18,FREAKY FRIDAY,1
19/04/18,NICE FOR WHAT,1
26/04/18,ONE KISS,8
21/06/18,I'LL BE THERE,1
28/06/18,SOLO,1
05/07/18,SHOTGUN,2
19/07/18,3 LIONS,1
26/07/18,IN MY FEELINGS,4
23/08/18,SHOTGUN,2
06/09/18,EASTSIDE,1
13/09/18,PROMISES,5
18/10/18,FUNKY FRIDAY,1
25/10/18,PROMISES,1
01/11/18,SHALLOW,2
15/11/18,"THANK U, NEXT",6
27/12/18,WE BUILT THIS CITY,1
03/01/19,SWEET BUT PSYCHO,4
31/01/19,7 RINGS,3
21/02/19,"BREAK UP WITH YOUR GIRLFRIEND, I'M BORED",1
28/02/19,7 RINGS,1
07/03/19,SOMEONE YOU LOVED,7
25/04/19,OLD TOWN ROAD,2
09/05/19,VOSSI BOP,2
23/05/19,I DON'T CARE,8
18/07/19,SENORITA,1
25/07/19,BEAUTIFUL PEOPLE,1
01/08/19,SENORITA,5
05/09/19,TAKE ME BACK TO LONDON,5
10/10/19,DANCE MONKEY,11
26/12/19,I LOVE SAUSAGE ROLLS,1
02/01/20,RIVER,1
09/01/20,OWN IT,3
30/01/20,GODZILLA,1
05/02/20,BLINDING LIGHTS,3
06/02/20,BEFORE YOU GO,1
13/02/20,BLINDING LIGHTS,2
27/02/20,NO TIME TO DIE,1
26/03/20,ROSES,2
09/04/20,BLINDING LIGHTS,3
30/04/20,YOU'LL NEVER WALK ALONE,1
07/05/20,TIMES LIKE THESE,1
14/05/20,TOOSIE SLIDE,1
21/05/20,ROCKSTAR,2
04/06/20,RAIN ON ME,1
11/06/20,ROCKSTAR,4
09/07/20,SAVAGE LOVE (LAXED - SIREN BEAT),3
30/07/20,HEAD & HEART,6
10/09/20,WAP,3
01/10/20,MOOD,4
29/10/20,LEMONADE,1
05/11/20,POSITIONS,6
17/12/20,ALL I WANT FOR CHRISTMAS IS YOU,2
31/12/20,DON'T STOP ME EATIN',1
07/01/21,LAST CHRISTMAS,1
14/01/21,SWEET MELODY,1
21/01/21,DRIVERS LICENSE,9
25/03/21,WELLERMAN,2
08/04/21,MONTERO (CALL ME BY YOUR NAME),5
13/05/21,BODY,3
03/06/21,GOOD 4 U,5
08/07/21,BAD HABITS,11
23/09/21,SHIVERS,4
21/10/21,COLD HEART (PNAU REMIX),1
28/10/21,EASY ON ME,7
16/12/21,MERRY CHRISTMAS,2
30/12/21,SAUSAGE ROLLS FOR EVERYONE,1
06/01/22,MERRY CHRISTMAS,1
13/01/22,EASY ON ME,1
20/01/22,ABCDEFU,1
27/01/22,WE DON'T TALK ABOUT BRUNO,7
17/03/22,STARLIGHT,1