1953,,,
1957,,,
1958,,,
1959,,,
1960,,,
1961,,,
1962,,,
1963,,,
1964,,,
1965,,,
1966,,,
1967,,,
1968,,,
1969,,,
1970,,,
1971,,,
1972,,,
1973,,,
1974,,,
1975,,,
1976,,,
1977,,,
1978,,,
1979,,,
1980,,,
1981,,,
1982,,,
1983,,,
1984,,,
1985,,,
1986,,,
1987,,,
1988,,,
1989,,,
1990,,,
1991,,,
1992,,,
1993,,,
1994,,,
1995,,,
1996,,,
1997,,,
1998,,,
1999,,,
2000,,,
2001,,,
14/11/52,HERE IN MY HEART,AL MARTINO,9
16/01/53,YOU BELONG TO ME,JO STAFFORD,1
23/01/53,COMES A-LONG A-LOVE,KAY STARR,1
30/01/53,OUTSIDE OF HEAVEN,EDDIE FISHER,1
06/02/53,DON'T LET THE STARS GET IN YOUR EYES,PERRY COMO WITH THE RAMBLERS,5
13/03/53,SHE WEARS RED FEATHERS,GUY MITCHELL,4
10/04/53,BROKEN WINGS,STARGAZERS,1
17/04/53,(HOW MUCH IS) THAT DOGGIE IN THE WINDOW,LITA ROZA,1
24/04/53,I BELIEVE,FRANKIE LAINE,9
26/06/53,I'M WALKING BEHIND YOU,EDDIE FISHER WITH SALLY SWEETLAND,1
03/07/53,I BELIEVE,FRANKIE LAINE,6
14/08/53,THE SONG FROM MOULIN ROUGE,MANTOVANI,1
21/08/53,I BELIEVE,FRANKIE LAINE,3
11/09/53,LOOK AT THAT GIRL,GUY MITCHELL,6
23/10/53,HEY JOE,FRANKIE LAINE,2
06/11/53,ANSWER ME,DAVID WHITFIELD,1
13/11/53,ANSWER ME,FRANKIE LAINE,8
11/12/53,ANSWER ME,DAVID WHITFIELD,1
08/01/54,OH MEIN PAPA,EDDIE CALVERT,9
12/03/54,I SEE THE MOON,STARGAZERS,5
16/04/54,SECRET LOVE,DORIS DAY,1
23/04/54,I SEE THE MOON,STARGAZERS,1
30/04/54,SUCH A NIGHT,JOHNNIE RAY,1
08/05/54,SECRET LOVE,DORIS DAY,8
02/07/54,CARA MIA,"DAVID WHITFIELD, WITH CHORUS AND MANTOVANI AND HIS ORCHESTRA",10
10/09/54,LITTLE THINGS MEAN A LOT,KITTY KALLEN,1
17/09/54,THREE COINS IN THE FOUNTAIN,FRANK SINATRA,3
08/10/54,HOLD MY HAND,DON CORNELL,4
05/11/54,MY SON MY SON,VERA LYNN,2
19/11/54,HOLD MY HAND,DON CORNELL,1
26/11/54,THIS OLE HOUSE,ROSEMARY CLOONEY,1
03/12/54,LET'S HAVE ANOTHER PARTY,WINIFRED ATWELL,5
07/01/55,FINGER OF SUSPICION,DICKIE VALENTINE WITH THE STARGAZERS,1
14/01/55,MAMBO ITALIANO,ROSEMARY CLOONEY WITH THE MELLOMEN,1
21/01/55,FINGER OF SUSPICION,DICKIE VALENTINE WITH THE STARGAZERS,2
04/02/55,MAMBO ITALIANO,ROSEMARY CLOONEY WITH THE MELLOMEN,2
18/02/55,"SOFTLY, SOFTLY",RUBY MURRAY,3
11/03/55,GIVE ME YOUR WORD,TENNESSEE ERNIE FORD,7
29/04/55,CHERRY PINK AND APPLE BLOSSOM WHITE,"PEREZ 'PREZ' PRADO & HIS ORCHESTRA, THE KING OF THE MAMBO",2
13/05/55,STRANGER IN PARADISE,TONY BENNETT,2
27/05/55,CHERRY PINK AND APPLE BLOSSOM WHITE,EDDIE CALVERT,4
24/06/55,UNCHAINED MELODY,JIMMY YOUNG,3
15/07/55,DREAMBOAT,ALMA COGAN,2
29/07/55,ROSE MARIE,SLIM WHITMAN,11
14/10/55,THE MAN FROM LARAMIE,JIMMY YOUNG,4
11/11/55,HERNANDO'S HIDEAWAY,JOHNSTON BROTHERS,2
25/11/55,ROCK AROUND THE CLOCK,BILL HALEY & HIS COMETS,3
16/12/55,CHRISTMAS ALPHABET,DICKIE VALENTINE,3
06/01/56,ROCK AROUND THE CLOCK,BILL HALEY & HIS COMETS,3
20/01/56,SIXTEEN TONS,TENNESSEE ERNIE FORD,2
17/02/56,MEMORIES ARE MADE OF THIS,DEAN MARTIN,4
16/03/56,IT'S ALMOST TOMORROW,DREAM WEAVERS,2
30/03/56,ROCK AND ROLL WALTZ,KAY STARR,2
06/04/56,IT'S ALMOST TOMORROW,DREAM WEAVERS,1
13/04/56,POOR PEOPLE OF PARIS,WINIFRED ATWELL,3
04/05/56,NO OTHER LOVE,RONNIE HILTON,6
15/06/56,I'LL BE HOME,PAT BOONE,5
20/07/56,WHY DO FOOLS FALL IN LOVE,TEENAGERS FEATURING FRANKIE LYMON,3
10/08/56,WHATEVER WILL BE WILL BE,DORIS DAY,6
21/09/56,LAY DOWN YOUR ARMS,ANNE SHELTON,4
19/10/56,A WOMAN IN LOVE,FRANKIE LAINE,4
16/11/56,JUST WALKIN' IN THE RAIN,JOHNNIE RAY,7
04/01/57,SINGING THE BLUES,GUY MITCHELL,1
11/01/57,SINGING THE BLUES,TOMMY STEELE & THE STEELMEN,1
18/01/57,SINGING THE BLUES,GUY MITCHELL,1
25/01/57,THE GARDEN OF EDEN,FRANKIE VAUGHAN,4
01/02/57,SINGING THE BLUES,GUY MITCHELL,1
22/02/57,YOUNG LOVE,TAB HUNTER,7
12/04/57,CUMBERLAND GAP,LONNIE DONEGAN,5
17/05/57,ROCK-A-BILLY,GUY MITCHELL,1
24/05/57,BUTTERFLY,ANDY WILLIAMS,2
07/06/57,YES TONIGHT JOSEPHINE,JOHNNIE RAY,3
28/06/57,GAMBLIN' MAN/PUTTING ON THE STYLE,LONNIE DONEGAN,2
12/07/57,ALL SHOOK UP,ELVIS PRESLEY WITH THE JORDANAIRES,7
30/08/57,DIANA,PAUL ANKA,9
01/11/57,THAT'LL BE THE DAY,CRICKETS,3
22/11/57,MARY'S BOY CHILD,HARRY BELAFONTE,7
10/01/58,GREAT BALLS OF FIRE,JERRY LEE LEWIS,2
24/01/58,JAILHOUSE ROCK,ELVIS PRESLEY,3
14/02/58,THE STORY OF MY LIFE,MICHAEL HOLLIDAY,2
28/02/58,MAGIC MOMENTS,PERRY COMO,8
25/04/58,WHOLE LOTTA WOMAN,MARVIN RAINWATER,3
16/05/58,WHO'S SORRY NOW,CONNIE FRANCIS,6
27/06/58,ON THE STREET WHERE YOU LIVE,VIC DAMONE,2
04/07/58,ALL I HAVE TO DO IS DREAM/CLAUDETTE,EVERLY BROTHERS,7
22/08/58,WHEN,KALIN TWINS,5
26/09/58,CAROLINA MOON/STUPID CUPID,CONNIE FRANCIS,6
07/11/58,IT'S ALL IN THE GAME,TOMMY EDWARDS,3
28/11/58,HOOTS MON,LORD ROCKINGHAM'S XI,3
19/12/58,IT'S ONLY MAKE BELIEVE,CONWAY TWITTY,5
23/01/59,THE DAYS THE RAINS CAME,JANE MORGAN,1
30/01/59,ONE NIGHT/I GOT STUNG,ELVIS PRESLEY,3
20/02/59,AS I LOVE YOU,SHIRLEY BASSEY,4
20/03/59,SMOKE GETS IN YOUR EYES,PLATTERS,1
27/03/59,SIDE SADDLE,RUSS CONWAY,4
24/04/59,IT DOESN'T MATTER ANYMORE,BUDDY HOLLY,3
15/05/59,A FOOL SUCH AS I/I NEED YOUR LOVE TONIGHT,ELVIS PRESLEY,5
19/06/59,ROULETTE,RUSS CONWAY,2
03/07/59,DREAM LOVER,BOBBY DARIN,4
31/07/59,LIVING DOLL,CLIFF RICHARD & THE SHADOWS,6
11/09/59,ONLY SIXTEEN,CRAIG DOUGLAS,4
09/10/59,HERE COMES SUMMER,JERRY KELLER,1
16/10/59,MACK THE KNIFE,BOBBY DARIN,2
30/10/59,TRAVELLIN' LIGHT,CLIFF RICHARD & THE SHADOWS,5
04/12/59,WHAT DO YOU WANT,ADAM FAITH,3
18/12/59,WHAT DO YOU WANT TO MAKE THOSE EYES AT ME FOR,EMILE FORD & THE CHECKMATES,6
29/01/60,STARRY EYED,MICHAEL HOLLIDAY WITH THE MICHAEL SAMMES SINGERS,1
05/02/60,WHY,ANTHONY NEWLEY,4
10/03/60,POOR ME,ADAM FAITH,1
17/03/60,RUNNING BEAR,JOHNNY PRESTON,2
31/03/60,MY OLD MAN'S A DUSTMAN,LONNIE DONEGAN,4
28/04/60,DO YOU MIND,ANTHONY NEWLEY,1
05/05/60,CATHY'S CLOWN,EVERLY BROTHERS,7
23/06/60,THREE STEPS TO HEAVEN,EDDIE COCHRAN,2
07/07/60,GOOD TIMIN',JIMMY JONES,3
28/07/60,PLEASE DON'T TEASE,CLIFF RICHARD & THE SHADOWS,1
04/08/60,SHAKIN' ALL OVER,JOHNNY KIDD & THE PIRATES,1
11/08/60,PLEASE DON'T TEASE,CLIFF RICHARD & THE SHADOWS,2
25/08/60,APACHE,SHADOWS,5
29/09/60,TELL LAURA I LOVE HER,RICKY VALANCE,3
20/10/60,ONLY THE LONELY,ROY ORBISON,2
03/11/60,IT'S NOW OR NEVER,ELVIS PRESLEY WITH THE JORDANAIRES,8
29/12/60,I LOVE YOU,CLIFF RICHARD & THE SHADOWS,2
12/01/61,POETRY IN MOTION,JOHNNY TILLOTSON,2
26/01/61,ARE YOU LONESOME TONIGHT,ELVIS PRESLEY WITH THE JORDANAIRES,4
23/02/61,SAILOR,PETULA CLARK,1
02/03/61,WALK RIGHT BACK/EBONY EYES,EVERLY BROTHERS,3
23/03/61,WOODEN HEART,ELVIS PRESLEY,6
04/05/61,BLUE MOON,MARCELS,2
18/05/61,ON THE REBOUND,FLOYD CRAMER,1
25/05/61,YOU'RE DRIVING ME CRAZY,TEMPERANCE SEVEN,1
01/06/61,SURRENDER,ELVIS PRESLEY WITH THE JORDANAIRES,4
29/06/61,RUNAWAY,DEL SHANNON,3
20/07/61,TEMPTATION,EVERLY BROTHERS,2
03/08/61,WELL I ASK YOU,EDEN KANE,1
10/08/61,YOU DON'T KNOW,HELEN SHAPIRO,3
31/08/61,JOHNNY REMEMBER ME,JOHN LEYTON,3
21/09/61,REACH FOR THE STARS/CLIMB EV'RY MOUNTAIN,SHIRLEY BASSEY,1
28/09/61,JOHNNY REMEMBER ME,JOHN LEYTON,1
05/10/61,KON-TIKI,SHADOWS,1
12/10/61,MICHAEL,HIGHWAYMEN,1
19/10/61,WALKIN' BACK TO HAPPINESS,HELEN SHAPIRO,3
09/11/61,(MARIE'S THE NAME) HIS LATEST FLAME/LITTLE SISTER,ELVIS PRESLEY,4
07/12/61,TOWER OF STRENGTH,FRANKIE VAUGHAN,3
28/12/61,MOON RIVER,DANNY WILLIAMS,2
11/01/62,THE YOUNG ONES,CLIFF RICHARD & THE SHADOWS,6
22/02/62,ROCK A HULA BABY/CAN'T HELP FALLING IN LOVE,ELVIS PRESLEY,4
22/03/62,WONDERFUL LAND,SHADOWS,8
17/05/62,NUT ROCKER,B.BUMBLE & THE STINGERS,1
24/05/62,GOOD LUCK CHARM,ELVIS PRESLEY,5
28/06/62,COME OUTSIDE,MIKE SARNE WITH WENDY RICHARD,2
12/07/62,I CAN'T STOP LOVING YOU,RAY CHARLES,2
26/07/62,I REMEMBER YOU,FRANK IFIELD,7
13/09/62,SHE'S NOT YOU,ELVIS PRESLEY,3
04/10/62,TELSTAR,TORNADOS,5
08/11/62,LOVESICK BLUES,FRANK IFIELD,5
13/12/62,RETURN TO SENDER,ELVIS PRESLEY WITH THE JORDANAIRES,3
03/01/63,THE NEXT TIME/BACHELOR BOY,CLIFF RICHARD & THE SHADOWS,3
24/01/63,DANCE ON!,SHADOWS,1
31/01/63,DIAMONDS,JET HARRIS & TONY MEEHAN,3
21/02/63,THE WAYWARD WIND,FRANK IFIELD,3
14/03/63,SUMMER HOLIDAY,CLIFF RICHARD & THE SHADOWS,2
29/03/63,FOOT TAPPER,SHADOWS,1
04/04/63,SUMMER HOLIDAY,CLIFF RICHARD & THE SHADOWS,1
11/04/63,HOW DO YOU DO IT?,GERRY & THE PACEMAKERS,3
02/05/63,FROM ME TO YOU,BEATLES,7
20/06/63,I LIKE IT,GERRY & THE PACEMAKERS,4
18/07/63,CONFESSIN' (THAT I LOVE YOU),FRANK IFIELD,2
01/08/63,(YOU'RE THE) DEVIL IN DISGUISE,ELVIS PRESLEY WITH THE JORDANAIRES,1
08/08/63,SWEETS FOR MY SWEET,SEARCHERS,2
22/08/63,BAD TO ME,BILLY J. KRAMER & THE DAKOTAS,3
12/09/63,SHE LOVES YOU,BEATLES,4
10/10/63,DO YOU LOVE ME,BRIAN POOLE & THE TREMELOES,3
31/10/63,YOU'LL NEVER WALK ALONE,GERRY & THE PACEMAKERS,4
28/11/63,SHE LOVES YOU,BEATLES,2
12/12/63,I WANT TO HOLD YOUR HAND,BEATLES,5
16/01/64,GLAD ALL OVER,DAVE CLARK FIVE,2
30/01/64,NEEDLES AND PINS,SEARCHERS,3
20/02/64,DIANE,BACHELORS,1
27/02/64,ANYONE WHO HAD A HEART,CILLA BLACK,3
19/03/64,LITTLE CHILDREN,BILLY J. KRAMER & THE DAKOTAS,2
02/04/64,CAN'T BUY ME LOVE,BEATLES,3
23/04/64,A WORLD WITHOUT LOVE,PETER & GORDON,2
07/05/64,DON'T THROW YOUR LOVE AWAY,SEARCHERS,2
21/05/64,JULIET,FOUR PENNIES,1
28/05/64,YOU'RE MY WORLD,CILLA BLACK,4
25/06/64,IT'S OVER,ROY ORBISON,2
09/07/64,THE HOUSE OF THE RISING SUN,ANIMALS,1
16/07/64,IT'S ALL OVER NOW,ROLLING STONES,1
23/07/64,A HARD DAY'S NIGHT,BEATLES,3
13/08/64,DO WAH DIDDY DIDDY,MANFRED MANN,2
27/08/64,HAVE I THE RIGHT,HONEYCOMBS,2
10/09/64,YOU REALLY GOT ME,KINKS,2
24/09/64,I'M INTO SOMETHING GOOD,HERMAN'S HERMITS,2
08/10/64,OH PRETTY WOMAN,ROY ORBISON,2
22/10/64,(THERE'S) ALWAYS SOMETHING THERE TO REMIND ME,SANDIE SHAW,3
12/11/64,OH PRETTY WOMAN,ROY ORBISON,1
19/11/64,BABY LOVE,SUPREMES,2
03/12/64,LITTLE RED ROOSTER,ROLLING STONES,1
10/12/64,I FEEL FINE,BEATLES,5
14/01/65,YEH YEH,GEORGIE FAME & THE BLUE FLAMES,2
28/01/65,GO NOW,MOODY BLUES,1
04/02/65,YOU'VE LOST THAT LOVING FEELIN',RIGHTEOUS BROTHERS,2
18/02/65,TIRED OF WAITING FOR YOU,KINKS,1
25/02/65,I'LL NEVER FIND ANOTHER YOU,SEEKERS,2
11/03/65,IT'S NOT UNUSUAL,TOM JONES,1
18/03/65,THE LAST TIME,ROLLING STONES,3
08/04/65,CONCRETE AND CLAY,UNIT FOUR PLUS TWO,1
15/04/65,THE MINUTE YOU'RE GONE,CLIFF RICHARD,1
22/04/65,TICKET TO RIDE,BEATLES,3
13/05/65,KING OF THE ROAD,ROGER MILLER,1
20/05/65,WHERE ARE YOU NOW (MY LOVE),JACKIE TRENT,1
27/05/65,LONG LIVE LOVE,SANDIE SHAW,3
17/06/65,CRYING IN THE CHAPEL,ELVIS PRESLEY,1
24/06/65,I'M ALIVE,HOLLIES,1
01/07/65,CRYING IN THE CHAPEL,ELVIS PRESLEY,1
08/07/65,I'M ALIVE,HOLLIES,2
22/07/65,MR TAMBOURINE MAN,BYRDS,2
05/08/65,HELP!,BEATLES,3
26/08/65,I GOT YOU BABE,SONNY & CHER,2
09/09/65,(I CAN'T GET NO) SATISFACTION,ROLLING STONES,2
23/09/65,MAKE IT EASY ON YOURSELF,WALKER BROTHERS,1
30/09/65,TEARS,KEN DODD,5
04/11/65,GET OFF OF MY CLOUD,ROLLING STONES,3
25/11/65,THE CARNIVAL IS OVER,SEEKERS,3
16/12/65,DAY TRIPPER/WE CAN WORK IT OUT,BEATLES,5
20/01/66,KEEP ON RUNNING,SPENCER DAVIS GROUP,1
27/01/66,MICHELLE,OVERLANDERS,3
17/02/66,THESE BOOTS ARE MADE FOR WALKIN',NANCY SINATRA,4
17/03/66,THE SUN AIN'T GONNA SHINE ANYMORE,WALKER BROTHERS,4
14/04/66,SOMEBODY HELP ME,SPENCER DAVIS GROUP,2
28/04/66,YOU DON'T HAVE TO SAY YOU LOVE ME,DUSTY SPRINGFIELD,1
05/05/66,PRETTY FLAMINGO,MANFRED MANN,3
26/05/66,"PAINT IT, BLACK",ROLLING STONES,1
02/06/66,STRANGERS IN THE NIGHT,FRANK SINATRA,3
23/06/66,PAPERBACK WRITER,BEATLES,2
07/07/66,SUNNY AFTERNOON,KINKS,2
21/07/66,GET AWAY,GEORGIE FAME & THE BLUE FLAMES,1
28/07/66,OUT OF TIME,CHRIS FARLOWE,1
04/08/66,WITH A GIRL LIKE YOU,TROGGS,2
18/08/66,YELLOW SUBMARINE/ELEANOR RIGBY,BEATLES,4
15/09/66,ALL OR NOTHING,SMALL FACES,1
22/09/66,DISTANT DRUMS,JIM REEVES,5
27/10/66,REACH OUT I'LL BE THERE,FOUR TOPS,3
17/11/66,GOOD VIBRATIONS,BEACH BOYS,2
01/12/66,GREEN GREEN GRASS OF HOME,TOM JONES,7
19/01/67,I'M A BELIEVER,MONKEES,4
16/02/67,THIS IS MY SONG,PETULA CLARK,2
02/03/67,RELEASE ME,ENGELBERT HUMPERDINCK,6
13/04/67,SOMETHIN' STUPID,NANCY SINATRA & FRANK SINATRA,2
27/04/67,PUPPET ON A STRING,SANDIE SHAW,3
18/05/67,SILENCE IS GOLDEN,TREMELOES,3
08/06/67,A WHITER SHADE OF PALE,PROCOL HARUM,6
19/07/67,ALL YOU NEED IS LOVE,BEATLES,3
09/08/67,SAN FRANCISCO (BE SURE TO WEAR SOME FLOWERS IN YOUR HAIR),SCOTT MCKENZIE,4
06/09/67,THE LAST WALTZ,ENGELBERT HUMPERDINCK,5
11/10/67,MASSACHUSETTS,BEE GEES,4
08/11/67,BABY NOW THAT I'VE FOUND YOU,FOUNDATIONS,2
22/11/67,LET THE HEARTACHES BEGIN,LONG JOHN BALDRY,2
06/12/67,HELLO GOODBYE,BEATLES,7
24/01/68,THE BALLAD OF BONNIE AND CLYDE,GEORGIE FAME,1
31/01/68,EVERLASTING LOVE,LOVE AFFAIR,2
14/02/68,MIGHTY QUINN,MANFRED MANN,2
28/02/68,CINDERELLA ROCKEFELLA,ESTHER & ABI OFARIM,3
20/03/68,THE LEGEND OF XANADU,"DAVE DEE, DOZY, BEAKY, MICK & TICH",1
27/03/68,LADY MADONNA,BEATLES,2
10/04/68,CONGRATULATIONS,CLIFF RICHARD,2
24/04/68,WHAT A WONDERFUL WORLD/CABARET,LOUIS ARMSTRONG,4
22/05/68,YOUNG GIRL,UNION GAP FEATURING GARY PUCKETT,4
19/06/68,JUMPIN' JACK FLASH,ROLLING STONES,2
03/07/68,BABY COME BACK,EQUALS,3
24/07/68,I PRETEND,DES O'CONNOR,1
31/07/68,MONY MONY,TOMMY JAMES & THE SHONDELLS,2
14/08/68,FIRE,CRAZY WORLD OF ARTHUR BROWN,1
21/08/68,MONY MONY,TOMMY JAMES & THE SHONDELLS,1
28/08/68,DO IT AGAIN,BEACH BOYS,1
04/09/68,I'VE GOTTA GET A MESSAGE TO YOU,BEE GEES,1
11/09/68,HEY JUDE,BEATLES,2
25/09/68,THOSE WERE THE DAYS,MARY HOPKIN,6
06/11/68,WITH A LITTLE HELP FROM MY FRIENDS,JOE COCKER,1
13/11/68,THE GOOD THE BAD AND THE UGLY,HUGO MONTENEGRO & HIS ORCHESTRA & CHORUS,4
11/12/68,LILY THE PINK,SCAFFOLD,3
01/01/69,OB-LA-DI OB-LA-DA,MARMALADE,1
08/01/69,LILY THE PINK,SCAFFOLD,1
15/01/69,OB-LA-DI OB-LA-DA,MARMALADE,2
29/01/69,ALBATROSS,FLEETWOOD MAC,1
05/02/69,BLACKBERRY WAY,MOVE,1
12/02/69,(IF PARADISE IS) HALF AS NICE,AMEN CORNER,2
26/02/69,WHERE DO YOU GO TO MY LOVELY,PETER SARSTEDT,4
26/03/69,I HEARD IT THROUGH THE GRAPEVINE,MARVIN GAYE,3
16/04/69,ISRAELITES,DESMOND DEKKER & THE ACES,1
23/04/69,GET BACK,BEATLES WITH BILLY PRESTON,6
04/06/69,DIZZY,TOMMY ROE,1
11/06/69,THE BALLAD OF JOHN AND YOKO,BEATLES,3
02/07/69,SOMETHING IN THE AIR,THUNDERCLAP NEWMAN,3
23/07/69,HONKY TONK WOMEN,ROLLING STONES,5
30/08/69,IN THE YEAR 2525 (EXORIUM AND TERMINUS),ZAGER & EVANS,3
20/09/69,BAD MOON RISING,CREEDENCE CLEARWATER REVIVAL,3
11/10/69,JE T'AIME... MOI NON PLUS,JANE BIRKIN & SERGE GAINSBOURG,1
18/10/69,I'LL NEVER FALL IN LOVE AGAIN,BOBBY GENTRY,1
25/10/69,SUGAR SUGAR,ARCHIES,8
20/12/69,TWO LITTLE BOYS,ROLF HARRIS,6
31/01/70,LOVE GROWS (WHERE MY ROSEMARY GOES),EDISON LIGHTHOUSE,5
07/03/70,WANDRIN' STAR,LEE MARVIN,3
28/03/70,BRIDGE OVER TROUBLED WATER,SIMON & GARFUNKEL,3
18/04/70,ALL KINDS OF EVERYTHING,DANA,2
02/05/70,SPIRIT IN THE SKY,NORMAN GREENBAUM,2
16/05/70,BACK HOME,ENGLAND WORLD CUP SQUAD,3
06/06/70,YELLOW RIVER,CHRISTIE,1
13/06/70,IN THE SUMMERTIME,MUNGO JERRY,7
01/08/70,THE WONDER OF YOU,ELVIS PRESLEY,6
12/09/70,TEARS OF A CLOWN,SMOKEY ROBINSON & THE MIRACLES,1
19/09/70,BAND OF GOLD,FREDA PAYNE,6
31/10/70,WOODSTOCK,MATTHEW'S SOUTHERN COMFORT,3
21/11/70,VOODOO CHILE,JIMI HENDRIX EXPERIENCE,1
28/11/70,I HEAR YOU KNOCKING,DAVE EDMUNDS,6
09/01/71,GRANDAD,CLIVE DUNN,3
30/01/71,MY SWEET LORD,GEORGE HARRISON,5
06/03/71,BABY JUMP,MUNGO JERRY,2
20/03/71,HOT LOVE,T REX,6
01/05/71,DOUBLE BARREL,DAVE & ANSIL COLLINS,2
15/05/71,KNOCK THREE TIMES,DAWN,5
19/06/71,CHIRPY CHIRPY CHEEP CHEEP,MIDDLE OF THE ROAD,5
24/07/71,GET IT ON,T REX,4
21/08/71,I'M STILL WAITING,DIANA ROSS,4
18/09/71,HEY GIRL DON'T BOTHER ME,TAMS,3
09/10/71,REASON TO BELIEVE/MAGGIE MAY,ROD STEWART,5
13/11/71,COZ I LUV YOU,SLADE,4
11/12/71,ERNIE (THE FASTEST MILKMAN IN THE WEST),BENNY HILL,4
08/01/72,I'D LIKE TO TEACH THE WORLD TO SING (IN PERFECT HARMONY),NEW SEEKERS,4
05/02/72,TELEGRAM SAM,T REX,2
19/02/72,SON OF MY FATHER,CHICORY TIP,3
11/03/72,WITHOUT YOU,NILSSON,5
15/04/72,AMAZING GRACE,THE PIPES & DRUMS & MILITARY BAND OF THE ROYAL SCOTS DRAGOON GUARDS,5
20/05/72,METAL GURU,T REX,4
17/06/72,VINCENT,DON MCLEAN,2
01/07/72,TAKE ME BACK 'OME,SLADE,1
08/07/72,PUPPY LOVE,DONNY OSMOND,5
12/08/72,SCHOOL'S OUT,ALICE COOPER,3
02/09/72,YOU WEAR IT WELL,ROD STEWART,1
09/09/72,MAMA WEER ALL CRAZEE NOW,SLADE,3
30/09/72,HOW CAN I BE SURE,DAVID CASSIDY,2
14/10/72,MOULDY OLD DOUGH,LIEUTENANT PIGEON,4
11/11/72,CLAIR,GILBERT O'SULLIVAN,2
25/11/72,MY DING-A-LING,CHUCK BERRY,4
23/12/72,LONG HAIRED LOVER FROM LIVERPOOL,LITTLE JIMMY OSMOND,5
27/01/73,BLOCKBUSTER,SWEET,5
03/03/73,CUM ON FEEL THE NOIZE,SLADE,4
31/03/73,THE TWELFTH OF NEVER,DONNY OSMOND,1
07/04/73,GET DOWN,GILBERT O'SULLIVAN,2
21/04/73,TIE A YELLOW RIBBON ROUND THE OLD OAK TREE,DAWN FEATURING TONY ORLANDO,4
19/05/73,SEE MY BABY JIVE,WIZZARD,4
16/06/73,CAN THE CAN,SUZI QUATRO,1
23/06/73,RUBBER BULLETS,10 C.C.,1
30/06/73,SKWEEZE ME PLEEZE ME,SLADE,3
21/07/73,WELCOME HOME,PETERS & LEE,1
28/07/73,I'M THE LEADER OF THE GANG (I AM),GARY GLITTER,4
25/08/73,YOUNG LOVE,DONNY OSMOND,4
22/09/73,ANGEL FINGERS,WIZZARD,1
29/09/73,EYE LEVEL,SIMON PARK ORCHESTRA,4
27/10/73,DAYDREAMER/THE PUPPY SONG,DAVID CASSIDY,3
17/11/73,I LOVE YOU LOVE ME LOVE,GARY GLITTER,4
15/12/73,MERRY XMAS EVERYBODY,SLADE,5
19/01/74,YOU WON'T FIND ANOTHER FOOL LIKE ME,NEW SEEKERS,1
26/01/74,TIGER FEET,MUD,4
23/02/74,DEVIL GATE DRIVE,SUZI QUATRO,2
09/03/74,JEALOUS MIND,ALVIN STARDUST,1
16/03/74,"BILLY, DON'T BE A HERO",PAPER LACE,3
06/04/74,SEASONS IN THE SUN,TERRY JACKS,4
04/05/74,WATERLOO,ABBA,2
18/05/74,SUGAR BABY LOVE,RUBETTES,4
15/06/74,THE STREAK,RAY STEVENS,1
22/06/74,ALWAYS YOURS,GARY GLITTER,1
29/06/74,SHE,CHARLES AZNAVOUR,4
27/07/74,ROCK YOUR BABY,GEORGE MCCRAE,3
17/08/74,WHEN WILL I SEE YOU AGAIN,THREE DEGREES,2
31/08/74,LOVE ME FOR A REASON,OSMONDS,3
21/09/74,KUNG FU FIGHTING,CARL DOUGLAS,3
12/10/74,ANNIE'S SONG,JOHN DENVER,1
19/10/74,SAD SWEET DREAMER,SWEET SENSATION,1
26/10/74,EVERYTHING I OWN,KEN BOOTHE,3
16/11/74,GONNA MAKE YOU A STAR,DAVID ESSEX,3
07/12/74,YOU'RE THE FIRST THE LAST MY EVERYTHING,BARRY WHITE,2
21/12/74,LONELY THIS CHRISTMAS,MUD,4
18/01/75,DOWN DOWN,STATUS QUO,1
25/01/75,MS GRACE,TYMES,1
01/02/75,JANUARY,PILOT,3
22/02/75,MAKE ME SMILE (COME UP AND SEE ME),STEVE HARLEY & COCKNEY REBEL,2
08/03/75,IF,TELLY SAVALAS,2
22/03/75,BYE BYE BABY,BAY CITY ROLLERS,6
03/05/75,OH BOY,MUD,2
17/05/75,STAND BY YOUR MAN,TAMMY WYNETTE,3
07/06/75,WHISPERING GRASS,WINDSOR DAVIES & DON ESTELLE,3
28/06/75,I'M NOT IN LOVE,10 C.C.,2
12/07/75,TEARS ON MY PILLOW,JOHNNY NASH,1
19/07/75,GIVE A LITTLE LOVE,BAY CITY ROLLERS,3
09/08/75,BARBADOS,TYPICALLY TROPICAL,1
16/08/75,CAN'T GIVE YOU ANYTHING (BUT MY LOVE),STYLISTICS,3
06/09/75,SAILING,ROD STEWART,4
04/10/75,HOLD ME CLOSE,DAVID ESSEX,3
25/10/75,I ONLY HAVE EYES FOR YOU,ART GARFUNKEL,2
08/11/75,SPACE ODDITY,DAVID BOWIE,2
22/11/75,D.I.V.O.R.C.E.,BILLY CONNOLLY,1
29/11/75,BOHEMIAN RHAPSODY,QUEEN,9
31/01/76,MAMMA MIA,ABBA,2
14/02/76,FOREVER AND EVER,SLIK,1
21/02/76,DECEMBER '63 (OH WHAT A NIGHT),FOUR SEASONS,2
06/03/76,I LOVE TO LOVE (BUT MY BABY LOVES TO DANCE),TINA CHARLES,3
27/03/76,SAVE YOUR KISSES FOR ME,BROTHERHOOD OF MAN,6
08/05/76,FERNANDO,ABBA,4
05/06/76,NO CHARGE,J.J. BARRIE,1
12/06/76,COMBINE HARVESTER (BRAND NEW KEY),WURZELS,2
26/06/76,YOU TO ME ARE EVERYTHING,REAL THING,3
17/07/76,THE ROUSSOS PHENOMENON EP,DEMIS ROUSSOS,1
24/07/76,DON'T GO BREAKING MY HEART,ELTON JOHN & KIKI DEE,6
04/09/76,DANCING QUEEN,ABBA,6
16/10/76,MISSISSIPPI,PUSSYCAT,4
13/11/76,IF YOU LEAVE ME NOW,CHICAGO,3
04/12/76,UNDER THE MOON OF LOVE,SHOWADDYWADDY,3
25/12/76,WHEN A CHILD IS BORN (SOLEADO),JOHNNY MATHIS,3
15/01/77,DON'T GIVE UP ON US,DAVID SOUL,4
12/02/77,DON'T CRY FOR ME ARGENTINA,JULIE COVINGTON,1
19/02/77,WHEN I NEED YOU,LEO SAYER,3
12/03/77,CHANSON D'AMOUR,MANHATTAN TRANSFER,3
02/04/77,KNOWING ME KNOWING YOU,ABBA,5
07/05/77,FREE,DENIECE WILLIAMS,2
21/05/77,I DON'T WANT TO TALK ABOUT IT/FIRST CUT IS THE DEEPEST,ROD STEWART,4
18/06/77,LUCILLE,KENNY ROGERS,1
25/06/77,SHOW YOU THE WAY TO GO,JACKSONS,1
02/07/77,SO YOU WIN AGAIN,HOT CHOCOLATE,3
23/07/77,I FEEL LOVE,DONNA SUMMER,4
20/08/77,ANGELO,BROTHERHOOD OF MAN,1
27/08/77,FLOAT ON,FLOATERS,1
03/09/77,WAY DOWN,ELVIS PRESLEY,5
08/10/77,SILVER LADY,DAVID SOUL,3
29/10/77,YES SIR I CAN BOOGIE,BACCARA,1
05/11/77,THE NAME OF THE GAME,ABBA,4
03/12/77,MULL OF KINTYRE/GIRLS' SCHOOL,WINGS,9
04/02/78,UP TOWN TOP RANKING,ALTHIA & DONNA,1
11/02/78,FIGARO,BROTHERHOOD OF MAN,1
18/02/78,TAKE A CHANCE ON ME,ABBA,3
11/03/78,WUTHERING HEIGHTS,KATE BUSH,4
08/04/78,MATCHSTALK MEN AND MATCHSTALK CATS AND DOGS,BRIAN & MICHAEL,3
29/04/78,NIGHT FEVER,BEE GEES,2
13/05/78,RIVERS OF BABYLON/BROWN GIRL IN THE RING,BONEY M,5
17/06/78,YOU'RE THE ONE THAT I WANT,JOHN TRAVOLTA & OLIVIA NEWTON-JOHN,9
19/08/78,THREE TIMES A LADY,COMMODORES,5
23/09/78,DREADLOCK HOLIDAY,10 C.C.,1
30/09/78,SUMMER NIGHTS,JOHN TRAVOLTA & OLIVIA NEWTON-JOHN,7
18/11/78,RAT TRAP,BOOMTOWN RATS,2
02/12/78,DA YA THINK I'M SEXY,ROD STEWART,1
09/12/78,MARY'S BOY CHILD - OH MY LORD,BONEY M,4
06/01/79,Y.M.C.A.,VILLAGE PEOPLE,3
27/01/79,HIT ME WITH YOUR RHYTHM STICK,IAN DURY & THE BLOCKHEADS,1
03/02/79,HEART OF GLASS,BLONDIE,4
03/03/79,TRAGEDY,BEE GEES,2
17/03/79,I WILL SURVIVE,GLORIA GAYNOR,4
14/04/79,BRIGHT EYES,ART GARFUNKEL,6
26/05/79,SUNDAY GIRL,BLONDIE,3
16/06/79,RING MY BELL,ANITA WARD,2
30/06/79,ARE 'FRIENDS' ELECTRIC?,TUBEWAY ARMY,4
28/07/79,I DON'T LIKE MONDAYS,BOOMTOWN RATS,4
25/08/79,WE DON'T TALK ANYMORE,CLIFF RICHARD,4
22/09/79,CARS,GARY NUMAN,1
29/09/79,MESSAGE IN A BOTTLE,POLICE,3
20/10/79,VIDEO KILLED THE RADIO STAR,BUGGLES,1
27/10/79,ONE DAY AT A TIME,LENA MARTELL,3
17/11/79,WHEN YOU'RE IN LOVE WITH A BEAUTIFUL WOMAN,DR HOOK,3
08/12/79,WALKING ON THE MOON,POLICE,1
15/12/79,ANOTHER BRICK IN THE WALL (PART 2),PINK FLOYD,5
19/01/80,BRASS IN POCKET,PRETENDERS,2
02/02/80,THE SPECIAL A.K.A. LIVE! EP,THE SPECIAL AKA,2
16/02/80,COWARD OF THE COUNTY,KENNY ROGERS,2
01/03/80,ATOMIC,BLONDIE,2
15/03/80,TOGETHER WE ARE BEAUTIFUL,FERN KINNEY,1
22/03/80,GOING UNDERGROUND/DREAMS OF CHILDREN,JAM,3
12/04/80,WORKING MY WAY BACK TO YOU - FORGIVE ME GIRL (MEDLEY),DETROIT SPINNERS,2
26/04/80,CALL ME,BLONDIE,1
03/05/80,GENO,DEXY'S MIDNIGHT RUNNERS,2
17/05/80,WHAT'S ANOTHER YEAR,JOHNNY LOGAN,2
31/05/80,THEME FROM M*A*S*H (SUICIDE IS PAINLESS),MASH,3
21/06/80,CRYING,DON MCLEAN,3
12/07/80,XANADU,OLIVIA NEWTON-JOHN & ELECTRIC LIGHT ORCHESTRA,2
26/07/80,USE IT UP AND WEAR IT OUT,ODYSSEY,2
09/08/80,THE WINNER TAKES IT ALL,ABBA,2
23/08/80,ASHES TO ASHES,DAVID BOWIE,2
06/09/80,START,JAM,1
13/09/80,FEELS LIKE I'M IN LOVE,KELLY MARIE,2
27/09/80,DON'T STAND SO CLOSE TO ME,POLICE,4
25/10/80,WOMAN IN LOVE,BARBRA STREISAND,3
15/11/80,THE TIDE IS HIGH,BLONDIE,2
29/11/80,SUPER TROUPER,ABBA,3
20/12/80,(JUST LIKE) STARTING OVER,JOHN LENNON,1
27/12/80,THERE'S NO ONE QUITE LIKE GRANDMA,ST WINIFRED'S SCHOOL CHOIR,2
10/01/81,IMAGINE,JOHN LENNON,4
07/02/81,WOMAN,JOHN LENNON,2
21/02/81,SHADDAP YOU FACE,JOE DOLCE MUSIC THEATRE,3
14/03/81,JEALOUS GUY,ROXY MUSIC,2
28/03/81,THIS OLE HOUSE,SHAKIN' STEVENS,3
18/04/81,MAKING YOUR MIND UP,BUCKS FIZZ,3
09/05/81,STAND AND DELIVER,ADAM & THE ANTS,5
13/06/81,BEING WITH YOU,SMOKEY ROBINSON,2
27/06/81,ONE DAY IN YOUR LIFE,MICHAEL JACKSON,2
11/07/81,GHOST TOWN,SPECIALS,3
01/08/81,GREEN DOOR,SHAKIN' STEVENS,4
29/08/81,JAPANESE BOY,ANEKA,1
05/09/81,TAINTED LOVE,SOFT CELL,2
19/09/81,PRINCE CHARMING,ADAM & THE ANTS,4
17/10/81,IT'S MY PARTY,DAVE STEWART WITH BARBARA GASKIN,4
14/11/81,EVERY LITTLE THING SHE DOES IS MAGIC,POLICE,1
21/11/81,UNDER PRESSURE,QUEEN & DAVID BOWIE,2
05/12/81,BEGIN THE BEGUINE (VOLVER A EMPEZAR),JULIO IGLESIAS,1
12/12/81,DON'T YOU WANT ME,HUMAN LEAGUE,5
16/01/82,THE LAND OF MAKE BELIEVE,BUCKS FIZZ,2
30/01/82,OH JULIE,SHAKIN' STEVENS,1
06/02/82,THE MODEL/COMPUTER LOVE,KRAFTWERK,1
13/02/82,A TOWN CALLED MALICE/PRECIOUS,JAM,3
06/03/82,THE LION SLEEPS TONIGHT,TIGHT FIT,3
27/03/82,SEVEN TEARS,GOOMBAY DANCE BAND,3
17/04/82,MY CAMERA NEVER LIES,BUCKS FIZZ,1
24/04/82,EBONY AND IVORY,PAUL McCARTNEY & STEVIE WONDER,3
15/05/82,A LITTLE PEACE,NICOLE,2
29/05/82,HOUSE OF FUN,MADNESS,2
12/06/82,GOODY TWO SHOES,ADAM ANT,2
26/06/82,I'VE NEVER BEEN TO ME,CHARLENE,1
03/07/82,HAPPY TALK,CAPTAIN SENSIBLE,2
17/07/82,FAME,IRENE CARA,3
07/08/82,COME ON EILEEN,DEXY'S MIDNIGHT RUNNERS WITH THE EMERALD EXPRESS,4
04/09/82,EYE OF THE TIGER,SURVIVOR,4
02/10/82,PASS THE DUTCHIE,MUSICAL YOUTH,3
23/10/82,DO YOU REALLY WANT TO HURT ME,CULTURE CLUB,3
13/11/82,I DON'T WANNA DANCE,EDDY GRANT,3
04/12/82,BEAT SURRENDER,JAM,2
18/12/82,SAVE YOUR LOVE,RENEE & RENATO,4
15/01/83,YOU CAN'T HURRY LOVE,PHIL COLLINS,2
29/01/83,DOWN UNDER,MEN AT WORK,3
19/02/83,TOO SHY,KAJAGOOGOO,2
05/03/83,BILLIE JEAN,MICHAEL JACKSON,1
12/03/83,TOTAL ECLIPSE OF THE HEART,BONNIE TYLER,2
26/03/83,IS THERE SOMETHING I SHOULD KNOW,DURAN DURAN,2
09/04/83,LET'S DANCE,DAVID BOWIE,3
30/04/83,TRUE.,SPANDAU BALLET,4
28/05/83,CANDY GIRL,NEW EDITION,1
04/06/83,EVERY BREATH YOU TAKE,POLICE,4
02/07/83,BABY JANE,ROD STEWART,3
23/07/83,WHEREVER I LAY MY HAT (THAT'S MY HOME),PAUL YOUNG,3
13/08/83,GIVE IT UP,K C & THE SUNSHINE BAND,3
03/09/83,RED RED WINE,UB 40,3
24/09/83,KARMA CHAMELEON,CULTURE CLUB,6
05/11/83,UPTOWN GIRL,BILLY JOEL,5
10/12/83,ONLY YOU,FLYING PICKETS,5
14/01/84,PIPES OF PEACE,PAUL MCCARTNEY,2
28/01/84,RELAX,FRANKIE GOES TO HOLLYWOOD,5
03/03/84,99 RED BALLOONS,NENA,3
24/03/84,HELLO,LIONEL RICHIE,6
05/05/84,THE REFLEX,DURAN DURAN,4
02/06/84,WAKE ME UP BEFORE YOU GO-GO,WHAM!,2
16/06/84,TWO TRIBES,FRANKIE GOES TO HOLLYWOOD,9
18/08/84,CARELESS WHISPER,GEORGE MICHAEL,3
08/09/84,I JUST CALLED TO SAY I LOVE YOU,STEVIE WONDER,6
20/10/84,FREEDOM,WHAM!,3
10/11/84,I FEEL FOR YOU,CHAKA KHAN,3
01/12/84,I SHOULD HAVE KNOWN BETTER,JIM DIAMOND,1
08/12/84,THE POWER OF LOVE,FRANKIE GOES TO HOLLYWOOD,1
15/12/84,DO THEY KNOW IT'S CHRISTMAS?,BAND AID,5
19/01/85,I WANT TO KNOW WHAT LOVE IS,FOREIGNER,3
09/02/85,I KNOW HIM SO WELL,ELAINE PAIGE & BARBARA DICKSON,4
09/03/85,YOU SPIN ME ROUND (LIKE A RECORD),DEAD OR ALIVE,2
23/03/85,EASY LOVER,PHILIP BAILEY (DUET WITH PHIL COLLINS),4
20/04/85,WE ARE THE WORLD,USA FOR AFRICA,2
04/05/85,MOVE CLOSER,PHYLLIS NELSON,1
11/05/85,19,PAUL HARDCASTLE,5
15/06/85,YOU'LL NEVER WALK ALONE,CROWD,2
29/06/85,FRANKIE,SISTER SLEDGE,4
27/07/85,THERE MUST BE AN ANGEL (PLAYING WITH MY HEART),EURYTHMICS,1
03/08/85,INTO THE GROOVE,MADONNA,4
31/08/85,I GOT YOU BABE,UB40 FEATURING CHRISSIE HYNDE,1
07/09/85,DANCING IN THE STREETS,DAVID BOWIE & MICK JAGGER,4
05/10/85,IF I WAS,MIDGE URE,1
12/10/85,THE POWER OF LOVE,JENNIFER RUSH,5
16/11/85,A GOOD HEART,FEARGAL SHARKEY,2
30/11/85,I'M YOUR MAN,WHAM!,2
14/12/85,SAVING ALL MY LOVE FOR YOU,WHITNEY HOUSTON,2
28/12/85,MERRY CHRISTMAS EVERYONE,SHAKIN' STEVENS,2
11/01/86,WEST END GIRLS,PET SHOP BOYS,2
25/01/86,THE SUN ALWAYS SHINES ON TV,A-HA,2
08/02/86,"WHEN THE GOING GETS TOUGH, THE TOUGH GET GOING",BILLY OCEAN,4
08/03/86,CHAIN REACTION,DIANA ROSS,3
29/03/86,LIVING DOLL,CLIFF RICHARD & THE YOUNG ONES FEATURING HANK B MARVIN,3
19/04/86,A DIFFERENT CORNER,GEORGE MICHAEL,3
10/05/86,ROCK ME AMADEUS,FALCO,1
17/05/86,THE CHICKEN SONG,SPITTING IMAGE,3
07/06/86,SPIRIT IN THE SKY,DOCTOR & THE MEDICS,3
28/06/86,THE EDGE OF HEAVEN/WHERE DID YOUR HEART GO,WHAM!,2
12/07/86,PAPA DON'T PREACH,MADONNA,3
02/08/86,THE LADY IN RED,CHRIS DE BURGH,3
23/08/86,I WANT TO WAKE UP WITH YOU,BORIS GARDINER,3
13/09/86,DON'T LEAVE ME THIS WAY,COMMUNARDS WITH SARAH-JANE MORRIS,4
11/10/86,TRUE BLUE,MADONNA,1
18/10/86,EVERY LOSER WINS,NICK BERRY,3
08/11/86,TAKE MY BREATH AWAY (LOVE THEME FROM 'TOP GUN'),BERLIN,4
06/12/86,THE FINAL COUNTDOWN,EUROPE,2
20/12/86,CARAVAN OF LOVE,HOUSEMARTINS,1
27/12/86,REET PETITE (THE SWEETEST GIRL IN TOWN),JACKIE WILSON,4
24/01/87,JACK YOUR BODY,STEVE 'SILK' HURLEY,2
07/02/87,I KNEW YOU WERE WAITING (FOR ME),ARETHA FRANKLIN & GEORGE MICHAEL,2
21/02/87,STAND BY ME,BEN E. KING,3
14/03/87,EVERYTHING I OWN,BOY GEORGE,2
28/03/87,RESPECTABLE,MEL & KIM,1
04/04/87,LET IT BE,FERRY AID,3
25/04/87,LA ISLA BONITA,MADONNA,2
09/05/87,NOTHING'S GONNA STOP US NOW,STARSHIP,4
06/06/87,I WANNA DANCE WITH SOMEBODY (WHO LOVES ME),WHITNEY HOUSTON,2
20/06/87,STAR TREKKIN',THE FIRM,2
04/07/87,IT'S A SIN,PET SHOP BOYS,3
25/07/87,WHO'S THAT GIRL,MADONNA,1
01/08/87,LA BAMBA,LOS LOBOS,2
15/08/87,I JUST CAN'T STOP LOVING YOU,MICHAEL JACKSON,2
29/08/87,NEVER GONNA GIVE YOU UP,RICK ASTLEY,5
03/10/87,PUMP UP THE VOLUME / ANITINA (THE FIRST TIME I SEE SHE DANCE),M/A/R/R/S,2
17/10/87,YOU WIN AGAIN,BEE GEES,4
14/11/87,CHINA IN YOUR HAND,T'PAU,5
19/12/87,ALWAYS ON MY MIND,PET SHOP BOYS,4
16/01/88,HEAVEN IS A PLACE ON EARTH,BELINDA CARLISLE,2
30/01/88,I THINK WE'RE ALONE NOW,TIFFANY,3
20/02/88,I SHOULD BE SO LUCKY,KYLIE MINOGUE,5
26/03/88,DON'T TURN AROUND,ASWAD,2
09/04/88,HEART,PET SHOP BOYS,3
30/04/88,THEME FROM S-EXPRESS,S-EXPRESS,2
14/05/88,PERFECT,FAIRGROUND ATTRACTION,1
21/05/88,WITH A LITTLE HELP FROM MY FRIENDS/SHE'S LEAVING HOME,WET WET WET/BILLY BRAGG,4
18/06/88,DOCTORIN' THE TARDIS,TIMELORDS,1
25/06/88,I OWE YOU NOTHING,BROS,2
09/07/88,NOTHING'S GONNA CHANGE MY LOVE FOR YOU,GLENN MEDEIROS,4
06/08/88,THE ONLY WAY IS UP,YAZZ & THE PLASTIC POPULATION,5
10/09/88,A GROOVY KIND OF LOVE,PHIL COLLINS,2
24/09/88,"HE AIN'T HEAVY, HE'S MY BROTHER",HOLLIES,2
08/10/88,DESIRE,U2,1
15/10/88,ONE MOMENT IN TIME,WHITNEY HOUSTON,2
29/10/88,ORINOCO FLOW,ENYA,3
19/11/88,THE FIRST TIME,ROBIN BECK,3
10/12/88,MISTLETOE AND WINE,CLIFF RICHARD,4
07/01/89,ESPECIALLY FOR YOU,KYLIE MINOGUE & JASON DONOVAN,3
28/01/89,SOMETHINGS GOTTEN HOLD OF MY HEART,MARC ALMOND FEATURING SPECIAL GUEST STAR GENE PITNEY,4
25/02/89,BELFAST CHILD,SIMPLE MINDS,2
11/03/89,TOO MANY BROKEN HEARTS,JASON DONOVAN,2
25/03/89,LIKE A PRAYER,MADONNA,3
15/04/89,ETERNAL FLAME,BANGLES,4
13/05/89,HAND ON YOUR HEART,KYLIE MINOGUE,1
20/05/89,FERRY 'CROSS THE MERSEY,"CHRISTIANS, HOLLY JOHNSON, PAUL McCARTNEY, GERRY MARSDEN & STOCK AITKEN WATERMAN",3
10/06/89,SEALED WITH A KISS,JASON DONOVAN,2
24/06/89,BACK TO LIFE (HOWEVER DO YOU WANT ME),SOUL II SOUL FEATURING CARON WHEELER,4
22/07/89,YOU'LL NEVER STOP ME LOVING YOU,SONIA,2
05/08/89,SWING THE MOOD,JIVE BUNNY & THE MASTERMIXERS,5
09/09/89,RIDE ON TIME,BLACK BOX,6
21/10/89,THAT'S WHAT I LIKE,JIVE BUNNY & THE MASTERMIXERS,3
11/11/89,ALL AROUND THE WORLD,LISA STANSFIELD,2
25/11/89,YOU GOT IT (THE RIGHT STUFF),NEW KIDS ON THE BLOCK,3
16/12/89,LET'S PARTY,JIVE BUNNY & THE MASTERMIXERS,1
23/12/89,DO THEY KNOW IT'S CHRISTMAS?,BAND AID II,3
16/01/90,HANGIN' TOUGH,NEW KIDS ON THE BLOCK,2
27/01/90,TEARS ON MY PILLOW,KYLIE MINOGUE,1
03/02/90,NOTHING COMPARES 2 U,SINEAD O'CONNOR,4
03/03/90,DUB BE GOOD TO ME,BEATS INTERNATIONAL FEATURING LINDY LAYTON,4
31/03/90,THE POWER,SNAP,2
14/04/90,VOGUE,MADONNA,4
12/05/90,KILLER,ADAMSKI,4
09/06/90,WORLD IN MOTION,ENGLANDNEWORDER,2
23/06/90,SACRIFICE/HEALING HANDS,ELTON JOHN,5
28/07/90,TURTLE POWER,PARTNERS IN KRYME,4
25/08/90,ITSY BITSY TEENY WEENY YELLOW POLKA DOT BIKINI,BOMBALURINA FT. TIMMY MALLETT,3
15/09/90,THE JOKER,STEVE MILLER BAND,2
29/09/90,SHOW ME HEAVEN,MARIA MCKEE,4
27/10/90,A LITTLE TIME,BEAUTIFUL SOUTH,1
03/11/90,UNCHAINED MELODY,RIGHTEOUS BROTHERS,4
01/12/90,ICE ICE BABY,VANILLA ICE,4
29/12/90,SAVIOUR'S DAY,CLIFF RICHARD,1
05/01/91,BRING YOUR DAUGHTER...TO THE SLAUGHTER,IRON MAIDEN,2
19/01/91,SADENESS PART 1,ENIGMA,1
26/01/91,INNUENDO,QUEEN,1
02/02/91,3 AM ETERNAL,KLF FT. THE CHILDREN OF THE REVOLUTION,2
16/02/91,DO THE BARTMAN,SIMPSONS,3
09/03/91,SHOULD I STAY OR SHOULD I GO,CLASH,2
23/03/91,THE STONK,HALE & PACE & THE STONKERS,1
30/03/91,THE ONE AND ONLY,CHESNEY HAWKES,5
04/05/91,THE SHOOP SHOOP SONG (IT'S IN HIS KISS),CHER,5
08/06/91,I WANNA SEX YOU UP,COLOR ME BADD,3
29/06/91,ANY DREAM WILL DO,JASON DONOVAN,2
13/07/91,(EVERYTHING I DO) I DO IT FOR YOU,BRYAN ADAMS,16
02/11/91,THE FLY,U2,1
09/11/91,DIZZY,VIC REEVES & THE WONDER STUFF,2
23/11/91,BLACK OR WHITE,MICHAEL JACKSON,2
07/12/91,DON'T LET THE SUN GO DOWN ON ME,GEORGE MICHAEL & ELTON JOHN,2
21/12/91,BOHEMIAN RHAPSODY/THESE ARE THE DAYS OF OUR LIVES,QUEEN,5
25/01/92,GOODNIGHT GIRL,WET WET WET,4
22/02/92,STAY,SHAKESPEAR'S SISTER,8
18/04/92,DEEPLY DIPPY,RIGHT SAID FRED,3
09/05/92,PLEASE DON'T GO/GAME BOY,KWS,5
13/06/92,ABBA-ESQUE EP,ERASURE,5
18/07/92,AIN'T NO DOUBT,JIMMY NAIL,3
08/08/92,RHYTHM IS A DANCER,SNAP,6
19/09/92,EBENEEZER GOODE,SHAMEN,4
17/10/92,SLEEPING SATELLITE,TASMIN ARCHER,2
31/10/92,END OF THE ROAD,BOYZ II MEN,3
21/11/92,WOULD I LIE TO YOU,CHARLES & EDDIE,2
05/12/92,I WILL ALWAYS LOVE YOU,WHITNEY HOUSTON,10
13/02/93,NO LIMIT,2 UNLIMITED,5
20/03/93,OH CAROLINA,SHAGGY,2
03/04/93,YOUNG AT HEART,BLUEBELLS,4
01/05/93,FIVE LIVE EP,GEORGE MICHAEL & QUEEN WITH LISA STANSFIELD,3
22/05/93,ALL THAT SHE WANTS,ACE OF BASE,3
12/06/93,(I CAN'T HELP) FALLING IN LOVE WITH YOU,UB40,2
26/06/93,DREAMS,GABRIELLE,3
17/07/93,PRAY,TAKE THAT,4
14/08/93,LIVING ON MY OWN,FREDDIE MERCURY,2
28/08/93,MR VAIN,CULTURE BEAT,4
25/09/93,BOOM! SHAKE THE ROOM,JAZZY JEFF & THE FRESH PRINCE,2
09/10/93,RELIGHT MY FIRE,TAKE THAT FT. LULU,2
23/10/93,I'D DO ANYTHING FOR LOVE (BUT I WON'T DO THAT),MEAT LOAF,7
11/12/93,MR BLOBBY,MR BLOBBY,1
18/12/93,BABE,TAKE THAT,1
25/12/93,MR BLOBBY,MR BLOBBY,2
08/01/94,TWIST & SHOUT,CHAKA DEMUS & PLIERS FT. JACK RADICS & TAXI GANG,2
22/01/94,THINGS CAN ONLY GET BETTER,D:REAM,4
19/02/94,WITHOUT YOU,MARIAH CAREY,4
19/03/94,DOOP,DOOP,3
09/04/94,EVERYTHING CHANGES,TAKE THAT,2
23/04/94,THE MOST BEAUTIFUL GIRL IN THE WORLD,PRINCE,2
07/05/94,THE REAL THING,TONY DI BART,1
14/05/94,INSIDE,STILTSKIN,1
21/05/94,COME ON YOU REDS,MANCHESTER UNITED FOOTBALL CLUB,1
04/06/94,LOVE IS ALL AROUND,WET WET WET,15
17/09/94,SATURDAY NIGHT,WHIGFIELD,4
15/10/94,SURE,TAKE THAT,2
29/10/94,BABY COME BACK,PATO BANTON,4
26/11/94,LET ME BE YOUR FANTASY,BABY D,2
10/12/94,STAY ANOTHER DAY,EAST 17,5
14/01/95,COTTON EYE JOE,REDNEX,3
04/02/95,THINK TWICE,CELINE DION,7
25/03/95,LOVE CAN BUILD A BRIDGE,"CHER, CHRISSIE HYNDE, NENEH CHERRY WITH ERIC CLAPTON",1
01/04/95,DON'T STOP (WIGGLE WIGGLE),OUTHERE BROTHERS,1
08/04/95,BACK FOR GOOD,TAKE THAT,4
06/05/95,SOME MIGHT SAY,OASIS,1
13/05/95,DREAMER,LIVIN' JOY,1
20/05/95,UNCHAINED MELODY/(THERE'LL BE BLUEBIRDS OVER) WHITE CLIFFS OF DOVER,ROBSON GREEN & JEROME FLYNN,7
08/07/95,BOOM BOOM BOOM,OUTHERE BROTHERS,4
05/08/95,NEVER FORGET,TAKE THAT,3
26/08/95,COUNTRY HOUSE,BLUR,2
09/09/95,YOU ARE NOT ALONE,MICHAEL JACKSON,2
23/09/95,BOOMBASTIC,SHAGGY,1
30/09/95,FAIRGROUND,SIMPLY RED,4
28/10/95,GANGSTA'S PARADISE,COOLIO FT. LV,2
11/11/95,I BELIEVE/UP ON THE ROOF,ROBSON GREEN & JEROME FLYNN,4
09/12/95,EARTH SONG,MICHAEL JACKSON,6
20/01/96,JESUS TO A CHILD,GEORGE MICHAEL,1
27/01/96,SPACEMAN,BABYLON ZOO,5
02/03/96,DON'T LOOK BACK IN ANGER,OASIS,1
09/03/96,HOW DEEP IS YOUR LOVE,TAKE THAT,3
30/03/96,FIRESTARTER,PRODIGY,3
20/04/96,RETURN OF THE MACK,MARK MORRISON,2
04/05/96,FASTLOVE,GEORGE MICHAEL,3
25/05/96,OOH AAH... JUST A LITTLE BIT,GINA G,1
01/06/96,THREE LIONS (THE OFFICIAL SONG OF THE ENGLAND FOOTBALL TEAM),BADDIEL & SKINNER & LIGHTNING SEEDS,1
08/06/96,KILLING ME SOFTLY,FUGEES,4
06/07/96,THREE LIONS (THE OFFICIAL SONG OF THE ENGLAND FOOTBALL TEAM),BADDIEL & SKINNER & LIGHTNING SEEDS,1
13/07/96,KILLING ME SOFTLY,FUGEES,1
20/07/96,FOREVER LOVE,GARY BARLOW,1
27/07/96,WANNABE,SPICE GIRLS,7
14/09/96,FLAVA,PETER ANDRE,1
21/09/96,READY OR NOT,FUGEES,2
05/10/96,BREAKFAST AT TIFFANY'S,DEEP BLUE SOMETHING,1
12/10/96,SETTING SUN,CHEMICAL BROTHERS,1
19/10/96,WORDS,BOYZONE,1
26/10/96,SAY YOU'LL BE THERE,SPICE GIRLS,2
09/11/96,WHAT BECOMES OF THE BROKENHEARTED/SATURDAY NIGHT AT THE MOVIES/YOU'LL NEVER WALK ALONE,ROBSON GREEN & JEROME FLYNN,2
23/11/96,BREATHE,PRODIGY,2
07/12/96,I FEEL YOU,PETER ANDRE,1
14/12/96,A DIFFERENT BEAT,BOYZONE,1
21/12/96,KNOCKIN' ON HEAVEN'S DOOR/THROW THESE GUNS AWAY,DUNBLANE,1
28/12/96,2 BECOME 1,SPICE GIRLS,3
18/01/97,PROFESSIONAL WIDOW (IT'S GOT TO BE BIG),TORI AMOS,1
25/01/97,YOUR WOMAN,WHITE TOWN,1
01/02/97,BEETLEBUM,BLUR,1
08/02/97,AIN'T NOBODY,LL COOL J,1
15/02/97,DISCOTHEQUE,U2,1
22/02/97,DON'T SPEAK,NO DOUBT,3
15/03/97,MAMA/WHO DO YOU THINK YOU ARE,SPICE GIRLS,3
05/04/97,BLOCK ROCKIN' BEATS,CHEMICAL BROTHERS,1
12/04/97,I BELIEVE I CAN FLY,R KELLY,3
03/05/97,BLOOD ON THE DANCE FLOOR,MICHAEL JACKSON,1
10/05/97,LOVE WON'T WAIT,GARY BARLOW,1
17/05/97,YOU'RE NOT ALONE,OLIVE,2
31/05/97,I WANNA BE THE ONE,ETERNAL FT. BEBE WINANS,1
07/06/97,MMMBOP,HANSON,3
28/06/97,I'LL BE MISSING YOU,PUFF DADDY & FAITH EVANS FT. 112,3
19/07/97,D'YOU KNOW WHAT I MEAN?,OASIS,1
26/07/97,I'LL BE MISSING YOU,PUFF DADDY & FAITH EVANS FT. 112,3
16/08/97,MEN IN BLACK,WILL SMITH,4
13/09/97,THE DRUGS DON'T WORK,VERVE,1
20/09/97,SOMETHING ABOUT THE WAY YOU LOOK TONIGHT/CANDLE IN THE WIND 97,ELTON JOHN,5
25/10/97,SPICE UP YOUR LIFE,SPICE GIRLS,1
01/11/97,BARBIE GIRL,AQUA,4
29/11/97,PERFECT DAY,VARIOUS ARTISTS,2
13/12/97,TELETUBBIES SAY EH-OH!,TELETUBBIES,2
27/12/97,TOO MUCH,SPICE GIRLS,2
10/01/98,PERFECT DAY,VARIOUS ARTISTS,1
17/01/98,NEVER EVER,ALL SAINTS,1
24/01/98,ALL AROUND THE WORLD,OASIS,1
31/01/98,YOU MAKE ME WANNA...,USHER,1
07/02/98,DOCTOR JONES,AQUA,2
21/02/98,MY HEART WILL GO ON,CELINE DION,1
28/02/98,BRIMFUL OF ASHA,CORNERSHOP,1
07/03/98,FROZEN,MADONNA,1
14/03/98,MY HEART WILL GO ON,CELINE DION,1
21/03/98,IT'S LIKE THAT,RUN DMC VERSUS JASON NEVINS,6
02/05/98,ALL THAT I NEED,BOYZONE,1
09/05/98,UNDER THE BRIDGE/LADY MARMALADE,ALL SAINTS,1
16/05/98,TURN BACK TIME,AQUA,1
23/05/98,UNDER THE BRIDGE/LADY MARMALADE,ALL SAINTS,1
30/05/98,FEEL IT,TAMPERER FT. MAYA,1
06/06/98,C'EST LA VIE,B*WITCHED,2
20/06/98,THREE LIONS '98,BADDIEL & SKINNER & LIGHTNING SEEDS,3
11/07/98,BECAUSE WE WANT TO,BILLIE,1
18/07/98,FREAK ME,ANOTHER LEVEL,1
25/07/98,DEEPER UNDERGROUND,JAMIROQUAI,1
01/08/98,VIVA FOREVER,SPICE GIRLS,2
15/08/98,NO MATTER WHAT,BOYZONE,3
05/09/98,IF YOU TOLERATE THIS YOUR CHILDREN WILL BE NEXT,MANIC STREET PREACHERS,1
12/09/98,BOOTIE CALL,ALL SAINTS,1
19/09/98,MILLENNIUM,ROBBIE WILLIAMS,1
26/09/98,I WANT YOU BACK,MELANIE B FT. MISSY 'MISDEMEANOR' ELLIOTT,1
03/10/98,ROLLERCOASTER,B*WITCHED,2
17/10/98,GIRLFRIEND,BILLIE,1
24/10/98,GYM AND TONIC,SPACEDUST,1
31/10/98,BELIEVE,CHER,7
19/12/98,TO YOU I BELONG,B*WITCHED,1
26/12/98,GOODBYE,SPICE GIRLS,1
02/01/99,CHOCOLATE SALTY BALLS (PS I LOVE YOU),CHEF,1
09/01/99,HEARTBEAT/TRAGEDY,STEPS,1
16/01/99,PRAISE YOU,FATBOY SLIM,1
23/01/99,A LITTLE BIT MORE,911,1
30/01/99,PRETTY FLY (FOR A WHITE GUY),OFFSPRING,1
06/02/99,YOU DON'T KNOW ME,ARMAND VAN HELDEN FT. DUANE HAEDEN,1
13/02/99,MARIA,BLONDIE,1
20/02/99,FLY AWAY,LENNY KRAVITZ,1
27/02/99,BABY ONE MORE TIME,BRITNEY SPEARS,2
13/03/99,WHEN THE GOING GETS TOUGH,BOYZONE,2
27/03/99,BLAME IT ON THE WEATHERMAN,B*WITCHED,1
03/04/99,FLAT BEAT,MR OIZO,2
17/04/99,PERFECT MOMENT,MARTINE MCCUTCHEON,2
01/05/99,SWEAR IT AGAIN,WESTLIFE,2
15/05/99,I WANT IT THAT WAY,BACKSTREET BOYS,1
22/05/99,YOU NEEDED ME,BOYZONE,1
29/05/99,SWEET LIKE CHOCOLATE,SHANKS & BIGFOOT,2
12/06/99,EVERYBODY'S FREE (TO WEAR SUNSCREEN),BAZ LUHRMANN,1
19/06/99,BRING IT ALL BACK,S CLUB 7,1
26/06/99,BOOM BOOM BOOM BOOM!!,VENGABOYS,1
03/07/99,9PM (TILL I COME),ATB,2
17/07/99,LIVIN' LA VIDA LOCA,RICKY MARTIN,3
07/08/99,WHEN YOU SAY NOTHING AT ALL,RONAN KEATING,2
21/08/99,IF I LET YOU GO,WESTLIFE,1
28/08/99,MI CHICO LATINO,GERI HALLIWELL,1
04/09/99,MAMBO NO 5 (A LITTLE BIT OF…),LOU BEGA,2
18/09/99,WE'RE GOING TO IBIZA!,VENGABOYS,1
25/09/99,BLUE (DA BA DEE),EIFFEL 65,3
16/10/99,GENIE IN A BOTTLE,CHRISTINA AGUILERA,2
30/10/99,FLYING WITHOUT WINGS,WESTLIFE,1
06/11/99,KEEP ON MOVIN',FIVE,1
13/11/99,LIFT ME UP,GERI HALLIWELL,1
20/11/99,SHE'S THE ONE/IT'S ONLY US,ROBBIE WILLIAMS,1
27/11/99,KING OF MY CASTLE,WAMDUE PROJECT,1
04/12/99,MILLENNIUM PRAYER,CLIFF RICHARD,3
25/12/99,I HAVE A DREAM/SEASONS IN THE SUN,WESTLIFE,4
22/01/00,THE MASSES AGAINST THE CLASSES,MANIC STREET PREACHERS,1
29/01/00,BORN TO MAKE YOU HAPPY,BRITNEY SPEARS,1
05/02/00,RISE,GABRIELLE,2
19/02/00,GO LET IT OUT,OASIS,1
26/02/00,PURE SHORES,ALL SAINTS,2
11/03/00,AMERICAN PIE,MADONNA,1
18/03/00,DON'T GIVE UP,CHICANE FT. BRYAN ADAMS,1
25/03/00,BAG IT UP,GERI HALLIWELL,1
01/04/00,NEVER BE THE SAME AGAIN,MELANIE C & LISA 'LEFT EYE' LOPES,1
08/04/00,FOOL AGAIN,WESTLIFE,1
15/04/00,FILL ME IN,CRAIG DAVID,1
22/04/00,TOCA'S MIRACLE,FRAGMA,2
06/05/00,BOUND 4 DA RELOAD (CASUALTY),OXIDE & NEUTRINO,1
13/05/00,OOPS!... I DID IT AGAIN,BRITNEY SPEARS,1
20/05/00,DON'T CALL ME BABY,MADISON AVENUE,1
27/05/00,DAY & NIGHT,BILLIE PIPER,1
03/06/00,IT FEELS SO GOOD,SONIQUE,3
24/06/00,YOU SEE THE TROUBLE WITH ME,BLACK LEGEND,1
01/07/00,SPINNING AROUND,KYLIE MINOGUE,1
08/07/00,THE REAL SLIM SHADY,EMINEM,1
15/07/00,BREATHLESS,CORRS,1
22/07/00,LIFE IS A ROLLERCOASTER,RONAN KEATING,1
29/07/00,WE WILL ROCK YOU,FIVE & QUEEN,1
05/08/00,7 DAYS,CRAIG DAVID,1
12/08/00,ROCK DJ,ROBBIE WILLIAMS,1
19/08/00,I TURN TO YOU,MELANIE C,1
26/08/00,GROOVEJET (IF THIS AIN'T LOVE),SPILLER,1
02/09/00,MUSIC,MADONNA,1
09/09/00,TAKE ON ME,A1,1
16/09/00,LADY (HEAR ME TONIGHT),MODJO,2
30/09/00,AGAINST ALL ODDS,MARIAH CAREY FT. WESTLIFE,2
14/10/00,BLACK COFFEE,ALL SAINTS,1
21/10/00,BEAUTIFUL DAY,U2,1
28/10/00,STOMP,STEPS,1
04/11/00,HOLLER/LET LOVE LEAD THE WAY,SPICE GIRLS,1
11/11/00,MY LOVE,WESTLIFE,1
18/11/00,SAME OLD BRAND NEW YOU,A1,1
25/11/00,CAN'T FIGHT THE MOONLIGHT,LEANN RIMES,1
02/12/00,INDEPENDENT WOMEN PART 1,DESTINY'S CHILD,1
09/12/00,NEVER HAD A DREAM COME TRUE,S CLUB 7,1
16/12/00,STAN,EMINEM,1
23/12/00,CAN WE FIX IT,BOB THE BUILDER,3
13/01/01,TOUCH ME,RUI DA SILVA FT. CASSANDRA,1
20/01/01,LOVE DON'T COST A THING,JENNIFER LOPEZ,1
27/01/01,ROLLIN',LIMP BIZKIT,2
10/02/01,WHOLE AGAIN,ATOMIC KITTEN,4
10/03/01,IT WASN'T ME,SHAGGY,1
17/03/01,UPTOWN GIRL,WESTLIFE,1
24/03/01,PURE AND SIMPLE,HEAR'SAY,3
14/04/01,WHAT TOOK YOU SO LONG,EMMA BUNTON,2
28/04/01,SURVIVOR,DESTINY'S CHILD,1
05/05/01,DON'T STOP MOVIN',S CLUB 7,1
12/05/01,IT'S RAINING MEN,GERI HALLIWELL,2
26/05/01,DON'T STOP MOVIN',S CLUB 7,1
02/06/01,DO YOU REALLY LIKE IT,DJ PIED PIPER & THE MASTERS OF CEREMONIES,1
09/06/01,ANGEL,SHAGGY FT. RAYVON,3
30/06/01,LADY MARMALADE,CHRISTINA AGUILERA/LIL' KIM/MYA/PINK,1
07/07/01,THE WAY TO YOUR LOVE,HEAR'SAY,1
14/07/01,ANOTHER CHANCE,ROGER SANCHEZ,1
21/07/01,ETERNITY/THE ROAD TO MANDALAY,ROBBIE WILLIAMS,2
04/08/01,ETERNAL FLAME,ATOMIC KITTEN,2
18/08/01,21 SECONDS,SO SOLID CREW,1
25/08/01,LET'S DANCE,FIVE,2
08/09/01,TOO CLOSE,BLUE,1
15/09/01,MAMBO NO 5,BOB THE BUILDER,1
22/09/01,HEY BABY,DJ OTZI,1
29/09/01,CAN'T GET YOU OUT OF MY HEAD,KYLIE MINOGUE,4
27/10/01,BECAUSE I GOT HIGH,AFROMAN,3
17/11/01,QUEEN OF MY HEART,WESTLIFE,1
24/11/01,IF YOU COME BACK,BLUE,1
01/12/01,HAVE YOU EVER,S CLUB 7,1
08/12/01,GOTTA GET THRU THIS,DANIEL BEDINGFIELD,2
22/12/01,SOMETHIN' STUPID,ROBBIE WILLIAMS & NICOLE KIDMAN,3
12/01/02,GOTTA GET THRU THIS,DANIEL BEDINGFIELD,1
19/01/02,MORE THAN A WOMAN,AALIYAH,1
26/01/02,MY SWEET LORD,GEORGE HARRISON,1
02/02/02,HERO,ENRIQUE IGLESIAS,4
02/03/02,WORLD OF OUR OWN,WESTLIFE,1
09/03/02,ANYTHING IS POSSIBLE/ EVERGREEN,WILL YOUNG,3
30/03/02,UNCHAINED MELODY,GARETH GATES,4
27/04/02,THE HINDU TIMES,OASIS,1
04/05/02,FREAK LIKE ME,SUGABABES,1
11/05/02,KISS KISS,HOLLY VALANCE,1
18/05/02,IF TOMORROW NEVER COMES,RONAN KEATING,1
25/05/02,JUST A LITTLE,LIBERTY X,1
01/06/02,WITHOUT ME,EMINEM,1
08/06/02,LIGHT MY FIRE,WILL YOUNG,2
22/06/02,A LITTLE LESS CONVERSATION,ELVIS VS JXL,4
20/07/02,ANYONE OF US (STUPID MISTAKE),GARETH GATES,3
10/08/02,COLOURBLIND,DARIUS,2
24/08/02,ROUND ROUND,SUGABABES,1
31/08/02,CROSSROADS,BLAZIN' SQUAD,1
07/09/02,THE TIDE IS HIGH (GET THE FEELING),ATOMIC KITTEN,3
28/09/02,JUST LIKE A PILL,PINK,1
05/10/02,THE LONG AND WINDING ROAD/SUSPICIOUS MINDS,WILL YOUNG & GARETH GATES/GARETH GATES,2
19/10/02,THE KETCHUP SONG (ASEREJE),LAS KETCHUP,1
26/10/02,DILEMMA,NELLY FT. KELLY ROWLAND,2
09/11/02,HEAVEN,DJ SAMMY & YANOU FT. DO,1
16/11/02,UNBREAKABLE,WESTLIFE,1
23/11/02,DIRRTY,CHRISTINA AGUILERA FT. REDMAN,2
07/12/02,IF YOU'RE NOT THE ONE,DANIEL BEDINGFIELD,1
14/12/02,LOSE YOURSELF,EMINEM,1
21/12/02,SORRY SEEMS TO BE THE HARDEST WORD,BLUE FT. ELTON JOHN,1
28/12/02,SOUND OF THE UNDERGROUND,GIRLS ALOUD,4
25/01/03,STOP LIVING THE LIE,DAVID SNEDDON,2
08/02/03,ALL THE THINGS SHE SAID,t.A.T.u.,4
08/03/03,BEAUTIFUL,CHRISTINA AGUILERA,2
22/03/03,SPIRIT IN THE SKY,GARETH GATES FT. THE KUMARS,2
05/04/03,MAKE LUV,ROOM 5 FT. OLIVER CHEATHAM,4
03/05/03,YOU SAID NO,BUSTED,1
10/05/03,LONELINESS,TOMCRAFT,1
17/05/03,IGNITION,R KELLY,4
14/06/03,BRING ME TO LIFE,EVANESCENCE,4
12/07/03,CRAZY IN LOVE,BEYONCE,3
02/08/03,NEVER GONNA LEAVE YOUR SIDE,DANIEL BEDINGFIELD,1
09/08/03,BREATHE,BLU CANTRELL FT. SEAN PAUL,4
06/09/03,ARE YOU READY FOR LOVE,ELTON JOHN,1
13/09/03,WHERE IS THE LOVE,BLACK EYED PEAS,6
25/10/03,HOLE IN THE HEAD,SUGABABES,1
01/11/03,BE FAITHFUL,FATMAN SCOOP FT. THE CROOKLYN CLAN,2
15/11/03,SLOW,KYLIE MINOGUE,1
22/11/03,CRASHED THE WEDDING,BUSTED,1
29/11/03,MANDY,WESTLIFE,1
06/12/03,LEAVE RIGHT NOW,WILL YOUNG,2
20/12/03,CHANGES,OZZY & KELLY OSBOURNE,1
27/12/03,MAD WORLD,MICHAEL ANDREWS FT. GARY JULES,3
17/01/04,ALL THIS TIME,MICHELLE,3
07/02/04,TAKE ME TO THE CLOUDS ABOVE,LMC V U2,2
21/02/04,WITH A LITTLE HELP FROM MY FRIENDS/MEASURE OF A MAN,SAM & MARK,1
28/02/04,WHO'S DAVID,BUSTED,1
06/03/04,MYSTERIOUS GIRL,PETER ANDRE FT. BUBBLER RANX,1
13/03/04,TOXIC,BRITNEY SPEARS,1
20/03/04,CHA CHA SLIDE,DJ CASPER,1
27/03/04,YEAH,USHER FT. LIL' JON & LUDACRIS,2
10/04/04,FIVE COLOURS IN HER HAIR,McFLY,2
24/04/04,F**K IT (I DON'T WANT YOU BACK),EAMON,4
22/05/04,F.U.R.B (F U RIGHT BACK),FRANKEE,3
12/06/04,I DON'T WANNA KNOW,MARIO WINANS FT. ENYA & P.DIDDY,2
26/06/04,EVERYTIME,BRITNEY SPEARS,1
03/07/04,OBVIOUSLY,McFLY,1
10/07/04,BURN,USHER,2
24/07/04,LOLA'S THEME,SHAPESHIFTERS,1
31/07/04,DRY YOUR EYES,STREETS,1
07/08/04,THUNDERBIRDS/3AM,BUSTED,2
21/08/04,BABYCAKES,3 OF A KIND,1
28/08/04,THESE WORDS,NATASHA BEDINGFIELD,2
11/09/04,MY PLACE/FLAP YOUR WINGS,NELLY,1
18/09/04,REAL TO ME,BRIAN McFADDEN,1
25/09/04,CALL ON ME,ERIC PRYDZ,3
16/10/04,RADIO,ROBBIE WILLIAMS,1
23/10/04,CALL ON ME,ERIC PRYDZ,2
06/11/04,WONDERFUL,JA RULE FT. R.KELLY & ASHANTI,1
13/11/04,JUST LOSE IT,EMINEM,1
20/11/04,VERTIGO,U2,1
27/11/04,I'LL STAND BY YOU,GIRLS ALOUD,2
11/12/04,DO THEY KNOW IT'S CHRISTMAS?,BAND AID 20,4
08/01/05,AGAINST ALL ODDS,STEVE BROOKSTEIN,1
15/01/05,JAILHOUSE ROCK,ELVIS PRESLEY,1
22/01/05,ONE NIGHT/I GOT STUNG,ELVIS PRESLEY,1
29/01/05,GOODIES,CIARA FT. PETEY PABLO,1
05/02/05,IT'S NOW OR NEVER **,ELVIS PRESLEY,1
12/02/05,LIKE TOY SOLDIERS,EMINEM,1
19/02/05,SOMETIMES YOU CAN'T MAKE IT ON YOUR OWN,U2,1
26/02/05,GET RIGHT,JENNIFER LOPEZ,1
05/03/05,OVER AND OVER,NELLY FT. TIM MCGRAW,1
12/03/05,DAKOTA,STEREOPHONICS,1
19/03/05,ALL ABOUT YOU/YOU'VE GOT A FRIEND,MCFLY,1
26/03/05,(IS THIS THE WAY TO) AMARILLO?,TONY CHRISTIE FT. PETER KAY,7
14/05/05,LONELY,AKON,2
28/05/05,LYLA,OASIS,1
04/06/05,AXEL F,CRAZY FROG,4
02/07/05,GHETTO GOSPEL,2PAC FT. ELTON JOHN,3
23/07/05,YOU'RE BEAUTIFUL,JAMES BLUNT,5
27/08/05,I'LL BE OK,McFLY,1
03/09/05,THE IMPORTANCE OF BEING IDLE,OASIS,1
10/09/05,DARE,GORILLAZ,1
17/09/05,DON'T CHA,PUSSYCAT DOLLS FT. BUSTA RHYMES,3
08/10/05,PUSH THE BUTTON,SUGABABES,3
29/10/05,I BET YOU LOOK GOOD ON THE DANCEFLOOR,ARCTIC MONKEYS,1
12/11/05,YOU RAISE ME UP,WESTLIFE,2
19/11/05,HUNG UP,MADONNA,3
10/12/05,STICKWITU,PUSSYCAT DOLLS,2
24/12/05,JCB SONG,NIZLOPI,1
31/12/05,THAT'S MY GOAL,SHAYNE WARD,4
28/01/06,WHEN THE SUN GOES DOWN,ARCTIC MONKEYS,1
04/02/06,NASTY GIRL,"NOTORIOUS BIG FT. DIDDY, NELLY, JAGGED EDGE & AVERY STORM",2
18/02/06,THUNDER IN MY HEART AGAIN,MECK FT. LEO SAYER,2
04/03/06,SORRY,MADONNA,1
11/03/06,IT'S CHICO TIME,CHICO,2
25/03/06,NO TOMORROW,ORSON,1
01/04/06,SO SICK,NE-YO,1
08/04/06,CRAZY,GNARLS BARKLEY,9
10/06/06,I WISH I WAS A PUNK ROCKER (WITH FLOWERS IN MY HAIR),SANDI THOM,1
17/06/06,MANEATER,NELLY FURTADO,3
08/07/06,HIPS DON'T LIE,SHAKIRA FT. WYCLEF JEAN,1
15/07/06,SMILE,LILY ALLEN,2
29/07/06,"DON'T STOP ME NOW/PLEASE, PLEASE",McFLY,1
05/08/06,HIPS DON'T LIE,SHAKIRA FT. WYCLEF JEAN,4
02/09/06,DÉJÀ VU,BEYONCE FT. JAY-Z,1
09/09/06,SEXYBACK,JUSTIN TIMBERLAKE,1
16/09/06,I DON'T FEEL LIKE DANCIN',SCISSOR SISTERS,4
14/10/06,AMERICA,RAZORLIGHT,1
21/10/06,WELCOME TO THE BLACK PARADE,MY CHEMICAL ROMANCE,2
04/11/06,STAR GIRL,McFLY,1
11/11/06,PUT YOUR HANDS UP FOR DETROIT,FEDDE LE GRANDE,1
18/11/06,THE ROSE,WESTLIFE,1
25/11/06,SMACK THAT,AKON FT. EMINEM,1
02/12/06,PATIENCE,TAKE THAT,4
30/12/06,A MOMENT LIKE THIS,LEONA LEWIS,4
27/01/07,GRACE KELLY,MIKA,5
03/03/07,RUBY,KAISER CHIEFS,1
10/03/07,SHINE,TAKE THAT,2
23/03/07,WALK THIS WAY,SUGABABES VS GIRLS ALOUD,1
31/03/07,I'M GONNA BE (500 MILES),THE PROCLAIMERS FT. BRIAN POTTER & ANDY PIPKIN,3
21/04/07,GIVE IT TO ME,TIMBALAND FT. NELLY FURTADO & JUSTIN TIMBERLAKE,1
28/04/07,BEAUTIFUL LIAR,BEYONCE & SHAKIRA,3
19/05/07,BABY'S COMING BACK/TRANSYLVANIA,McFLY,1
26/05/07,UMBRELLA,RIHANNA FT. JAY-Z,10
04/08/07,THE WAY I ARE,TIMBALAND FT. DOE & KERI HILSON,2
18/08/07,WITH EVERY HEARTBEAT,ROBYN WITH KLEERUP,1
25/08/07,STRONGER,KANYE WEST,2
08/09/07,BEAUTIFUL GIRLS,SEAN KINGSTON,4
06/10/07,ABOUT YOU NOW,SUGABABES,4
03/11/07,BLEEDING LOVE,LEONA LEWIS,7
22/12/07,WHAT A WONDERFUL WORLD,EVA CASSIDY & KATIE MELUA,1
29/12/07,WHEN YOU BELIEVE,LEON JACKSON,3
19/01/08,NOW YOU'RE GONE,BASSHUNTER FT. DJ MENTAL THEO'S BAZZHEADZ,5
23/02/08,MERCY,DUFFY,5
29/03/08,AMERICAN BOY,ESTELLE FT. KANYE WEST,4
26/04/08,4 MINUTES,MADONNA FT. JUSTIN TIMBERLAKE,4
24/05/08,THAT'S NOT MY NAME,TING TINGS,1
31/05/08,TAKE A BOW,RIHANNA,2
14/06/08,SINGIN' IN THE RAIN,MINT ROYALE,2
28/06/08,VIVA LA VIDA,COLDPLAY,1
05/07/08,CLOSER,NE-YO,1
12/07/08,DANCE WIV ME,DIZZEE RASCAL FT. CALVIN HARRIS & CHROME,4
09/08/08,ALL SUMMER LONG,KID ROCK,1
16/08/08,I KISSED A GIRL,KATY PERRY,5
20/09/08,SEX ON FIRE,KINGS OF LEON,3
11/10/08,SO WHAT,PINK,3
01/11/08,THE PROMISE,GIRLS ALOUD,1
08/11/08,HERO,X FACTOR FINALISTS,3
29/11/08,IF I WERE A BOY,BEYONCE,1
06/12/08,GREATEST DAY,TAKE THAT,1
13/12/08,RUN,LEONA LEWIS,2
27/12/08,HALLELUJAH,ALEXANDRA BURKE,3
17/01/09,JUST DANCE,LADY GAGA,3
07/02/09,THE FEAR,LILY ALLEN,4
07/03/09,MY LIFE WOULD SUCK WITHOUT YOU,KELLY CLARKSON,1
14/03/09,RIGHT ROUND,FLO RIDA FT. KESHA,1
21/03/09,ISLANDS IN THE STREAM,VANESSA JENKINS & BRYN WEST FT. TOM JONES & ROBIN GIBB,1
28/03/09,POKER FACE,LADY GAGA,3
18/04/09,I'M NOT ALONE,CALVIN HARRIS,2
02/05/09,NUMBER 1,TINCHY STRYDER FT. N-DUBZ,3
23/05/09,BOOM BOOM POW,BLACK EYED PEAS,1
30/05/09,BONKERS,DIZZEE RASCAL FT. ARMAND VAN HELDEN,2
13/06/09,BOOM BOOM POW,BLACK EYED PEAS,1
20/06/09,MAMA DO,PIXIE LOTT,1
27/06/09,WHEN LOVE TAKES OVER,DAVID GUETTA FT. KELLY ROWLAND,1
04/07/09,BULLETPROOF,LA ROUX,1
11/07/09,EVACUATE THE DANCEFLOOR,CASCADA,2
25/07/09,BEAT AGAIN,JLS,2
08/08/09,I GOTTA FEELING,BLACK EYED PEAS,1
15/08/09,NEVER LEAVE YOU,TINCHY STRYDER FT. AMELLE BERRABAH,1
22/08/09,I GOTTA FEELING,BLACK EYED PEAS,1
29/08/09,SEXY CHICK,DAVID GUETTA FT. AKON,1
05/09/09,HOLIDAY,DIZZEE RASCAL FT. CHROME,1
12/09/09,RUN THIS TOWN,JAY-Z FT. RIHANNA & KANYE WEST,1
19/09/09,BOYS AND GIRLS,PIXIE LOTT,1
26/09/09,BREAK YOUR HEART,TAIO CRUZ,3
17/10/09,OOPSY DAISY,CHIPMUNK,1
24/10/09,BAD BOYS,ALEXANDRA BURKE FT. FLO RIDA,1
31/10/09,FIGHT FOR THIS LOVE,CHERYL COLE,2
14/11/09,EVERYBODY IN LOVE,JLS,1
21/11/09,MEET ME HALFWAY,BLACK EYED PEAS,1
28/11/09,YOU ARE NOT ALONE,X FACTOR FINALISTS 2009,1
05/12/09,THE OFFICIAL BBC CHILDREN IN NEED MEDLEY,PETER KAY'S ANIMATED ALL STAR,2
19/12/09,BAD ROMANCE,LADY GAGA,1
26/12/09,KILLING IN THE NAME,RAGE AGAINST THE MACHINE,1
02/01/10,THE CLIMB,JOE McELDERRY,1
09/01/10,BAD ROMANCE,LADY GAGA,1
16/01/10,REPLAY,IYAZ,2
30/01/10,FIREFLIES,OWL CITY,3
20/02/10,EVERYBODY HURTS,HELPING HAITI,2
06/03/10,IN MY HEAD,JASON DERULO,1
13/03/10,PASS OUT,TINIE TEMPAH,2
27/03/10,TELEPHONE,LADY GAGA & BEYONCE,2
10/04/10,THIS AIN'T A LOVE SONG,SCOUTING FOR GIRLS,2
24/04/10,OMG,USHER FT. WILL I AM,1
01/05/10,ONCE,DIANA VICKERS,1
08/05/10,GOOD TIMES,ROLL DEEP,3
29/05/10,NOTHIN' ON YOU,B.O.B FT. BRUNO MARS,1
05/06/10,DIRTEE DISCO,DIZZEE RASCAL,1
12/06/10,GETTIN' OVER YOU,DAVID GUETTA FT. CHRIS WILLIS,1
19/06/10,SHOUT,SHOUT FT. DIZZEE & JAMES CORDEN,2
03/07/10,CALIFORNIA GURLS,KATY PERRY FT. SNOOP DOGG,2
17/07/10,THE CLUB IS ALIVE,JLS,1
24/07/10,AIRPLANES,B.O.B FT. HAYLEY WILLIAMS,1
31/07/10,WE NO SPEAK AMERICANO,YOLANDA BE COOL VS D CUP,1
07/08/10,ALL TIME LOW,WANTED,1
14/08/10,BEAUTIFUL MONSTER,NEYO,1
21/08/10,CLUB CAN'T HANDLE ME,FLO RIDA FT. DAVID GUETTA,1
28/08/10,GREEN LIGHT,ROLL DEEP,1
04/09/10,DYNAMITE,TAIO CRUZ,1
11/09/10,PLEASE DON'T LET ME GO,OLLY MURS,1
18/09/10,START WITHOUT YOU,ALEXANDRA BURKE FT. LAZA MORGAN,2
02/10/10,JUST THE WAY YOU ARE (AMAZING),BRUNO MARS,1
09/10/10,WRITTEN IN THE STARS,TINIE TEMPAH,1
16/10/10,FORGET YOU,CEE LO GREEN,2
30/10/10,JUST THE WAY YOU ARE (AMAZING),BRUNO MARS,1
06/11/10,PROMISE THIS,CHERYL COLE,1
13/11/10,ONLY GIRL (IN THE WORLD),RIHANNA,2
27/11/10,LOVE YOU MORE,JLS,1
04/12/10,HEROES,X FACTOR FINALISTS 2010,2
18/12/10,THE TIME (DIRTY BIT),BLACK EYED PEAS,1
25/12/10,WHEN WE COLLIDE,MATT CARDLE,3
15/01/11,WHAT'S MY NAME,RIHANNA FT. DRAKE,1
22/01/11,GRENADE,BRUNO MARS,2
05/02/11,WE R WHO WE R,KESHA,1
12/02/11,PRICE TAG,JESSIE J FT. B.O.B,2
26/02/11,SOMEONE LIKE YOU,ADELE,4
26/03/11,DON'T HOLD YOUR BREATH,NICOLE SCHERZINGER,1
02/04/11,SOMEONE LIKE YOU,ADELE,1
09/04/11,ON THE FLOOR,JENNIFER LOPEZ FT. PITBULL,2
23/04/11,PARTY ROCK ANTHEM,LMFAO/LAUREN BENNETT/GOONROCK,4
21/05/11,THE LAZY SONG,BRUNO MARS,1
28/05/11,GIVE ME EVERYTHING,PITBULL/NE-YO/AFROJACK/NAYER,3
18/06/11,CHANGED THE WAY YOU KISS ME,EXAMPLE,2
02/07/11,DON'T WANNA GO HOME,JASON DERULO,2
16/07/11,LOUDER,DJ FRESH FT. SIAN EVANS,1
23/07/11,GLAD YOU CAME,WANTED,2
06/08/11,SHE MAKES ME WANNA,JLS FT. DEV,1
13/08/11,SWAGGER JAGGER,CHER LLOYD,1
20/08/11,PROMISES,NERO,1
27/08/11,DON'T GO,WRETCH 32 FT. JOSH KUMRA,1
03/09/11,HEART SKIPS A BEAT,OLLY MURS FT. RIZZLE KICKS,1
10/09/11,STAY AWAKE,EXAMPLE,1
17/09/11,ALL ABOUT TONIGHT,PIXIE LOTT,1
24/09/11,WHAT MAKES YOU BEAUTIFUL,ONE DIRECTION,1
01/10/11,NO REGRETS,DAPPY,1
08/10/11,LOCA PEOPLE,SAK NOEL,1
15/10/11,WE FOUND LOVE,RIHANNA FT. CALVIN HARRIS,3
05/11/11,READ ALL ABOUT IT,PROFESSOR GREEN FT EMELI SANDE,2
19/11/11,WE FOUND LOVE,RIHANNA FT. CALVIN HARRIS,3
10/12/11,WISHING ON A STAR,X FACTOR FINALISTS 2011,1
17/12/11,DANCE WITH ME TONIGHT,OLLY MURS,1
24/12/11,CANNONBALL,LITTLE MIX,1
31/12/11,WHEREVER YOU ARE,MILITARY WIVES/GARETH MALONE,1
07/01/12,PARADISE,COLDPLAY,1
14/01/12,GOOD FEELING,FLO RIDA,1
21/01/12,DOMINO,JESSIE J,2
04/02/12,TWILIGHT,COVER DRIVE,1
11/02/12,TITANIUM,DAVID GUETTA FT. SIA,1
18/02/12,SOMEBODY THAT I USED TO KNOW,GOTYE FT. KIMBRA,1
25/02/12,HOT RIGHT NOW,DJ FRESH FT. RITA ORA,1
03/03/12,SOMEBODY THAT I USED TO KNOW,GOTYE FT. KIMBRA,4
31/03/12,PART OF ME,KATY PERRY,1
07/04/12,TURN UP THE MUSIC,CHRIS BROWN,1
14/04/12,CALL ME MAYBE,CARLY RAE JEPSEN,4
12/05/12,YOUNG,TULISA,1
19/05/12,R.I.P.,RITA ORA FT. TINIE TEMPAH,2
02/06/12,WE ARE YOUNG,FUN FT. JANELLE MONAE,1
09/06/12,FEEL THE LOVE,RUDIMENTAL FT. JOHN NEWMAN,1
16/06/12,SING,GARY BARLOW/ COMMONWEALTH BAND,1
23/06/12,CALL MY NAME,CHERYL,1
30/06/12,PAYPHONE,MAROON 5 FT. WIZ KHALIFA,1
07/07/12,THIS IS LOVE,WILL I AM FT. EVA SIMONS,1
14/07/12,PAYPHONE,MAROON 5 FT. WIZ KHALIFA,2
04/08/12,SPECTRUM,FLORENCE & THE MACHINE,3
18/08/12,HEATWAVE,WILEY FT. MS D,2
25/08/12,HOW WE DO (PARTY),RITA ORA,1
01/09/12,BOM BOM,SAM & THE WOMP,1
08/09/12,WINGS,LITTLE MIX,1
15/09/12,LET ME LOVE YOU (UNTIL YOU LEARN TO LOVE YOURSELF),NE-YO,1
22/09/12,HALL OF FAME,SCRIPT FT. WILL I AM,2
06/10/12,GANGNAM STYLE,PSY,1
13/10/12,DIAMONDS,RIHANNA,1
20/10/12,DON'T YOU WORRY CHILD,SWEDISH HOUSE MAFIA/MARTIN,1
27/10/12,SWEET NOTHING,CALVIN HARRIS/FLORENCE WELCH,1
03/11/12,BENEATH YOUR BEAUTIFUL,LABRINTH FT. EMELI SANDE,1
10/11/12,CANDY,ROBBIE WILLIAMS,2
24/11/12,LITTLE THINGS,ONE DIRECTION,1
01/12/12,TROUBLEMAKER,OLLY MURS FT. FLO RIDA,2
08/12/12,THE POWER OF LOVE,GABRIELLE APLIN,1
15/12/12,IMPOSSIBLE,JAMES ARTHUR,1
22/12/12,HE AIN'T HEAVY HE'S MY BROTHER,JUSTICE COLLECTIVE,1
29/12/12,IMPOSSIBLE,JAMES ARTHUR,3
19/01/13,SCREAM & SHOUT,WILL I AM FT. BRITNEY SPEARS,2
02/02/13,GET UP (RATTLE),BINGO PLAYERS FT. FAR EAST MOVEMENT,2
16/02/13,THRIFT SHOP,MACKLEMORE/RYAN LEWIS/WANZ,1
23/02/13,I COULD BE THE ONE,AVICII VS NICKY ROMERO,1
02/03/13,ONE WAY OR ANOTHER (TEENAGE KICKS),ONE DIRECTION,1
09/03/13,MIRRORS,JUSTIN TIMBERLAKE,3
30/03/13,WHAT ABOUT US,SATURDAYS FT. SEAN PAUL,1
06/04/13,LET'S GET READY TO RHUMBLE,PJ & DUNCAN,1
13/04/13,NEED U (100 PERCENT),DUKE DUMONT FT. AME,2
27/04/13,WAITING ALL NIGHT,RUDIMENTAL FT. ELLA EYRE,1
04/05/13,GET LUCKY,DAFT PUNK FT. PHARRELL WILLIAMS,4
01/06/13,LA LA LA,NAUGHTY BOY FT. SAM SMITH,1
08/06/13,BLURRED LINES,ROBIN THICKE/TI/PHARRELL,4
06/07/13,I LOVE IT,ICONA POP FT. CHARLI XCX,1
13/07/13,LOVE ME AGAIN,JOHN NEWMAN,1
20/07/13,BLURRED LINES,ROBIN THICKE/TI/PHARRELL,1
27/07/13,WAKE ME UP,AVICII,3
17/08/13,WE CAN'T STOP,MILEY CYRUS,1
24/08/13,BURN,ELLIE GOULDING,3
14/09/13,ROAR,KATY PERRY,2
28/09/13,TALK DIRTY,JASON DERULO FT. 2 CHAINZ,2
12/10/13,COUNTING STARS,ONEREPUBLIC,1
19/10/13,WRECKING BALL,MILEY CYRUS,1
26/10/13,COUNTING STARS,ONEREPUBLIC,1
02/11/13,ROYALS,LORDE,1
09/11/13,THE MONSTER,EMINEM FT. RIHANNA,1
16/11/13,LOOK RIGHT THROUGH,STORM QUEEN,1
23/11/13,ANIMALS,MARTIN GARRIX,1
30/11/13,SOMEWHERE ONLY WE KNOW,LILY ALLEN,1
07/12/13,UNDER CONTROL,CALVIN HARRIS/ALESSO/HURTS,1
14/12/13,SOMEWHERE ONLY WE KNOW,LILY ALLEN,2
28/12/13,SKYSCRAPER,SAM BAILEY,1
04/01/14,HAPPY,PHARRELL WILLIAMS,1
11/01/14,TIMBER,PITBULL FT. KESHA,1
18/01/14,HAPPY,PHARRELL WILLIAMS,2
01/02/14,RATHER BE,CLEAN BANDIT FT. JESS GLYNNE,4
01/03/14,MONEY ON MY MIND,SAM SMITH,1
08/03/14,HAPPY,PHARRELL WILLIAMS,1
15/03/14,MY LOVE,ROUTE 94 FT. JESS GLYNNE,1
22/03/14,TSUNAMI (JUMP),DVBBS & BORGEOUS/TINIE TEMPAH,1
29/03/14,I GOT U,DUKE DUMONT FT. JAX JONES,1
05/04/14,SHE LOOKS SO PERFECT,5 SECONDS OF SUMMER,1
12/04/14,THE MAN,ALOE BLACC,1
19/04/14,NOBODY TO LOVE,SIGMA,1
26/04/14,HIDEAWAY,KIESZA,1
03/05/14,WAVES,MR PROBZ,1
10/05/14,SUMMER,CALVIN HARRIS,1
17/05/14,WAVES,MR PROBZ,1
24/05/14,I WILL NEVER LET YOU DOWN,RITA ORA,1
31/05/14,STAY WITH ME,SAM SMITH,1
07/06/14,I WANNA FEEL,SECONDCITY,1
14/06/14,SING,ED SHEERAN,1
21/06/14,GHOST,ELLA HENDERSON,2
05/07/14,GECKO (OVERDRIVE),OLIVER HELDENS & BECKY HILL,1
12/07/14,PROBLEM,ARIANA GRANDE FT. IGGY AZALEA,1
19/07/14,IT'S MY BIRTHDAY,WILL I AM FT. CODY WISE,1
26/07/14,ME AND MY BROKEN HEART,RIXTON,1
02/08/14,CRAZY STUPID LOVE,CHERYL COLE FT. TINIE TEMPAH,1
09/08/14,RUDE,MAGIC,1
16/08/14,AM I WRONG,NICO & VINZ,2
30/08/14,LOVERS ON THE SUN,DAVID GUETTA FT. SAM MARTIN,1
06/09/14,PRAYER IN C,LILLY WOOD & ROBIN SCHULZ,2
20/09/14,BLAME,CALVIN HARRIS FT. JOHN NEWMAN,1
27/09/14,CHANGING,SIGMA FT. PALOMA FAITH,1
04/10/14,BANG BANG,JESSIE J/GRANDE/MINAJ,1
11/10/14,ALL ABOUT THAT BASS,MEGHAN TRAINOR,4
08/11/14,THINKING OUT LOUD,ED SHEERAN,1
15/11/14,I DON'T CARE,CHERYL,1
22/11/14,WAKE ME UP,GARETH MALONE'S ALL STAR CHOIR,1
29/11/14,DO THEY KNOW IT'S CHRISTMAS,BAND AID 30,1
06/12/14,THESE DAYS,TAKE THAT,1
13/12/14,THINKING OUT LOUD,ED SHEERAN,1
20/12/14,UPTOWN FUNK,MARK RONSON FT. BRUNO MARS,1
27/12/14,SOMETHING I NEED,BEN HAENOW,1
03/01/15,UPTOWN FUNK,MARK RONSON FT. BRUNO MARS,6
14/02/15,LOVE ME LIKE YOU DO,ELLIE GOULDING,4
14/03/15,KING,YEARS & YEARS,1
21/03/15,LAY ME DOWN,SAM SMITH FT. JOHN LEGEND,2
04/04/15,HOLD MY HAND,JESS GLYNNE,3
25/04/15,SEE YOU AGAIN,WIZ KHALIFA FT. CHARLIE PUTH,2
09/05/15,CHEERLEADER (FELIX JAEHN REMIX),OMI,4
06/06/15,WANT TO WANT ME,JASON DERULO,4
04/07/15,NOT LETTING GO,TINIE TEMPAH FT. JESS GLYNNE,1
09/07/15,ARE YOU WITH ME,LOST FREQUENCIES,1
16/07/15,HOUSE EVERY WEEKEND,DAVID ZOWIE,1
23/07/15,BLACK MAGIC,LITTLE MIX,3
13/08/15,DRAG ME DOWN,ONE DIRECTION,1
20/08/15,MARVIN GAYE,CHARLIE PUTH FT. MEGHAN TRAINOR,1
27/08/15,DON'T BE SO HARD ON YOURSELF,JESS GLYNNE,1
03/09/15,FIGHT SONG,RACHEL PLATTEN,1
10/09/15,WHAT DO YOU MEAN?,JUSTIN BIEBER,1
17/09/15,EASY LOVE,SIGALA,1
24/09/15,WHAT DO YOU MEAN?,JUSTIN BIEBER,2
08/10/15,WRITING'S ON THE WALL,SAM SMITH,1
15/10/15,WHAT DO YOU MEAN,JUSTIN BIEBER,2
29/10/15,TURN THE MUSIC LOUDER (RUMBLE),KDA FT. TINIE TEMPAH & KATY B,1
19/11/15,HELLO,ADELE,3
26/11/15,SORRY,JUSTIN BIEBER,2
10/12/15,LOVE YOURSELF,JUSTIN BIEBER,3
31/12/15,A BRIDGE OVER YOU,THE LEWISHAM & GREENWICH NHS CHOIR,1
07/01/16,LOVE YOURSELF,JUSTIN BIEBER,3
21/01/16,STITCHES,SHAWN MENDES,2
11/02/16,PILLOWTALK,ZAYN,1
18/02/16,7 YEARS,LUKAS GRAHAM,5
17/03/16,I TOOK A PILL IN IBIZA,MIKE POSNER,4
21/04/16,ONE DANCE,DRAKE FT. WIZKID & KYLA,15
04/08/16,COLD WATER,MAJOR LAZER FT. JUSTIN BIEBER & MØ,5
08/09/16,CLOSER,THE CHAINSMOKERS FT. HALSEY,4
06/10/16,SAY YOU WON'T LET GO,JAMES ARTHUR,3
27/10/16,SHOUT OUT TO MY EX,LITTLE MIX,3
17/11/16,ROCKABYE,CLEAN BANDIT ,9
19/01/17,SHAPE OF YOU,ED SHEERAN,13
20/04/17,SIGN OF THE TIMES,HARRY STYLES,1
27/04/17,SHAPE OF YOU,ED SHEERAN,1
04/05/17,SYMPHONY,CLEAN BANDIT FT. ZARA LARSSON,1
11/05/17,I'M THE ONE,"DJ KHALED FT. JUSTIN BIEBER, QUAVO, CHANCE THE RAPPER & LIL WAYNE",1
18/05/17,DESPACITO,LUIS FONSI & DADDY YANKEE FT. JUSTIN BIEBER,6
29/06/17,BRIDGE OVER TROUBLED WATER,ARTISTS FOR GRENFELL,1
06/07/17,DESPACITO,LUIS FONSI & DADDY YANKEE FT. JUSTIN BIEBER,3
27/07/17,WILD THOUGHTS,DJ KHALED FT. RIHANNA & BRYSON TILLER,1
03/08/17,DESPACITO,LUIS FONSI & DADDY YANKEE FT. JUSTIN BIEBER,2
17/08/17,FEELS,"CALVIN HARRIS FT. PHARRELL, KATY PERRY & BIG SEAN",1
24/08/17,NEW RULES,DUA LIPA,2
07/09/17,LOOK WHAT YOU MADE ME DO,TAYLOR SWIFT,2
21/09/17,TOO GOOD AT GOODBYES,SAM SMITH,3
12/10/17,ROCKSTAR,POST MALONE FT. 21 SAVAGE,4
09/11/17,HAVANA,CAMILA CABELLO FT. YOUNG THUG,5
14/12/17,PERFECT,ED SHEERAN,6
25/01/18,RIVER,EMINEM FT. ED SHEERAN,1
01/02/18,GOD'S PLAN,DRAKE,9
05/04/18,THESE DAYS,"RUDIMENTAL FT. JESS GLYNNE, MACKLEMORE & DAN CAPLEN",1
12/04/18,FREAKY FRIDAY,LIL DICKY FT. CHRIS BROWN,1
19/04/18,NICE FOR WHAT,DRAKE,1
26/04/18,ONE KISS,CALVIN HARRIS & DUA LIPA,8
21/06/18,I'LL BE THERE,JESS GLYNNE,1
28/06/18,SOLO,CLEAN BANDIT FT. DEMI LOVATO,1
05/07/18,SHOTGUN,GEORGE EZRA,2
19/07/18,3 LIONS,BADDIEL/SKINNER/LIGHTNING SEEDS,1
26/07/18,IN MY FEELINGS,DRAKE,4
23/08/18,SHOTGUN,GEORGE EZRA,2
06/09/18,EASTSIDE,BENNY BLANCO/HALSEY/KHALID,1
13/09/18,PROMISES,CALVIN HARRIS & SAM SMITH,5
18/10/18,FUNKY FRIDAY,DAVE FT. FREDO,1
25/10/18,PROMISES,CALVIN HARRIS & SAM SMITH,1
01/11/18,SHALLOW,LADY GAGA & BRADLEY COOPER,2
15/11/18,"THANK U, NEXT",ARIANA GRANDE,6
27/12/18,WE BUILT THIS CITY,LADBABY,1
03/01/19,SWEET BUT PSYCHO,AVA MAX,4
31/01/19,7 RINGS,ARIANA GRANDE,3
21/02/19,"BREAK UP WITH YOUR GIRLFRIEND, I'M BORED",ARIANA GRANDE,1
28/02/19,7 RINGS,ARIANA GRANDE,1
07/03/19,SOMEONE YOU LOVED,LEWIS CAPALDI,7
25/04/19,OLD TOWN ROAD,LIL NAS X,2
09/05/19,VOSSI BOP,STORMZY,2
23/05/19,I DON'T CARE,ED SHEERAN & JUSTIN BIEBER,8
18/07/19,SENORITA,SHAWN MENDES & CAMILA CABELLO,1
25/07/19,BEAUTIFUL PEOPLE,ED SHEERAN FT. KHALID,1
01/08/19,SENORITA,SHAWN MENDES & CAMILA CABELLO,5
05/09/19,TAKE ME BACK TO LONDON,ED SHEERAN FT. STORMZY,5
10/10/19,DANCE MONKEY,TONES AND I,11
26/12/19,I LOVE SAUSAGE ROLLS,LADBABY,1
02/01/20,RIVER,ELLIE GOULDING,1
09/01/20,OWN IT,"STORMZY, ED SHEERAN & BURNA BOY",3
30/01/20,GODZILLA,EMINEM FT. JUICE WRLD,1
05/02/20,BLINDING LIGHTS,THE WEEKND,3
06/02/20,BEFORE YOU GO,LEWIS CAPALDI,1
13/02/20,BLINDING LIGHTS,THE WEEKND,2
27/02/20,NO TIME TO DIE,BILLIE EILISH,1
26/03/20,ROSES,SAINT JHN,2
09/04/20,BLINDING LIGHTS,THE WEEKND,3
30/04/20,YOU'LL NEVER WALK ALONE,MICHAEL BALL & CAPTAIN TOM MOORE,1
07/05/20,TIMES LIKE THESE,BBC RADIO 1'S LIVE LOUNGE ALLSTARS,1
14/05/20,TOOSIE SLIDE,DRAKE,1
21/05/20,ROCKSTAR,DABABY FT. RODDY RICCH,2
04/06/20,RAIN ON ME,LADY GAGA & ARIANA GRANDE,1
11/06/20,ROCKSTAR,DABABY FT. RODDY RICCH,4
09/07/20,SAVAGE LOVE (LAXED - SIREN BEAT),JAWSH 685 & JASON DERULO,3
30/07/20,HEAD & HEART,JOEL CORRY FT. MNEK,6
10/09/20,WAP,CARDI B FT. MEGAN THEE STALLION,3
01/10/20,MOOD,24KGOLDN FT. IANN DIOR,4
29/10/20,LEMONADE,"INTERNET MONEY FT. DON TOLIVER, GUNNA, NAV",1
05/11/20,POSITIONS,ARIANA GRANDE,6
17/12/20,ALL I WANT FOR CHRISTMAS IS YOU,MARIAH CAREY,2
31/12/20,DON'T STOP ME EATIN',LADBABY,1
07/01/21,LAST CHRISTMAS,WHAM!,1
14/01/21,SWEET MELODY,LITTLE MIX,1
21/01/21,DRIVERS LICENSE,OLIVIA RODRIGO,9
25/03/21,WELLERMAN,NATHAN EVANS/220 KID/BILLEN TED,2
08/04/21,MONTERO (CALL ME BY YOUR NAME),LIL NAS X,5
13/05/21,BODY,TION WAYNE & RUSS MILLIONS,3
03/06/21,GOOD 4 U,OLIVIA RODRIGO,5
08/07/21,BAD HABITS,ED SHEERAN,11
23/09/21,SHIVERS,ED SHEERAN,4
21/10/21,COLD HEART (PNAU REMIX),ELTON JOHN & DUA LIPA,1
28/10/21,EASY ON ME,ADELE,7
16/12/21,MERRY CHRISTMAS,ED SHEERAN & ELTON JOHN,2
30/12/21,SAUSAGE ROLLS FOR EVERYONE,LADBABY FT. ED SHEERAN & ELTON JOHN,1
06/01/22,MERRY CHRISTMAS,ED SHEERAN & ELTON JOHN,1
13/01/22,EASY ON ME,ADELE,1
20/01/22,ABCDEFU,GAYLE,1
27/01/22,WE DON'T TALK ABOUT BRUNO,GAITAN/CASTILLO/ADASSA/FELIZ,7
17/03/22,STARLIGHT,DAVE,1
